use,tot,unit,lfb,shared,table,log_time
5429956,7512672,k,"{'nblock': 7, 'size': 4, 'unit': 'M'}",2131728,"[['Client', 'Process', 'PID', 'Size'], [{'Client': 'user', 'Process': 'python3', 'PID': '4689', 'Size': {'val': 2108204, 'unit': 'k'}}, {'Client': 'user', 'Process': 'gnome-shell', 'PID': '2138', 'Size': {'val': 5384, 'unit': 'k'}}, {'Client': 'user', 'Process': 'Xorg', 'PID': '1884', 'Size': {'val': 18140, 'unit': 'k'}}, {'Client': 'user', 'Process': 'nvargus-daemon', 'PID': '1179', 'Size': {'val': 0, 'unit': 'k'}}]]",0.45421886444091797
5429956,7512672,k,"{'nblock': 7, 'size': 4, 'unit': 'M'}",2131728,"[['Client', 'Process', 'PID', 'Size'], [{'Client': 'user', 'Process': 'python3', 'PID': '4689', 'Size': {'val': 2108204, 'unit': 'k'}}, {'Client': 'user', 'Process': 'gnome-shell', 'PID': '2138', 'Size': {'val': 5384, 'unit': 'k'}}, {'Client': 'user', 'Process': 'Xorg', 'PID': '1884', 'Size': {'val': 18140, 'unit': 'k'}}, {'Client': 'user', 'Process': 'nvargus-daemon', 'PID': '1179', 'Size': {'val': 0, 'unit': 'k'}}]]",0.45421886444091797
2391124,7512672,k,"{'nblock': 529, 'size': 4, 'unit': 'M'}",23524,"[['Client', 'Process', 'PID', 'Size'], [{'Client': 'user', 'Process': 'python3', 'PID': '22194', 'Size': {'val': 0, 'unit': 'k'}}, {'Client': 'user', 'Process': 'python3', 'PID': '22188', 'Size': {'val': 0, 'unit': 'k'}}, {'Client': 'user', 'Process': 'gnome-shell', 'PID': '2138', 'Size': {'val': 5384, 'unit': 'k'}}, {'Client': 'user', 'Process': 'Xorg', 'PID': '1884', 'Size': {'val': 18140, 'unit': 'k'}}, {'Client': 'user', 'Process': 'nvargus-daemon', 'PID': '1179', 'Size': {'val': 0, 'unit': 'k'}}]]",1.3166165351867676
2408388,7512672,k,"{'nblock': 529, 'size': 4, 'unit': 'M'}",23524,"[['Client', 'Process', 'PID', 'Size'], [{'Client': 'user', 'Process': 'python3', 'PID': '22194', 'Size': {'val': 0, 'unit': 'k'}}, {'Client': 'user', 'Process': 'python3', 'PID': '22188', 'Size': {'val': 0, 'unit': 'k'}}, {'Client': 'user', 'Process': 'gnome-shell', 'PID': '2138', 'Size': {'val': 5384, 'unit': 'k'}}, {'Client': 'user', 'Process': 'Xorg', 'PID': '1884', 'Size': {'val': 18140, 'unit': 'k'}}, {'Client': 'user', 'Process': 'nvargus-daemon', 'PID': '1179', 'Size': {'val': 0, 'unit': 'k'}}]]",2.8818585872650146
2427884,7512672,k,"{'nblock': 529, 'size': 4, 'unit': 'M'}",23524,"[['Client', 'Process', 'PID', 'Size'], [{'Client': 'user', 'Process': 'python3', 'PID': '22194', 'Size': {'val': 0, 'unit': 'k'}}, {'Client': 'user', 'Process': 'python3', 'PID': '22188', 'Size': {'val': 0, 'unit': 'k'}}, {'Client': 'user', 'Process': 'gnome-shell', 'PID': '2138', 'Size': {'val': 5384, 'unit': 'k'}}, {'Client': 'user', 'Process': 'Xorg', 'PID': '1884', 'Size': {'val': 18140, 'unit': 'k'}}, {'Client': 'user', 'Process': 'nvargus-daemon', 'PID': '1179', 'Size': {'val': 0, 'unit': 'k'}}]]",4.394879341125488
2439732,7512672,k,"{'nblock': 529, 'size': 4, 'unit': 'M'}",23524,"[['Client', 'Process', 'PID', 'Size'], [{'Client': 'user', 'Process': 'vulkaninfo', 'PID': '22893', 'Size': {'val': 0, 'unit': 'k'}}, {'Client': 'user', 'Process': 'vulkaninfo', 'PID': '22838', 'Size': {'val': 0, 'unit': 'k'}}, {'Client': 'user', 'Process': 'python3', 'PID': '22194', 'Size': {'val': 0, 'unit': 'k'}}, {'Client': 'user', 'Process': 'python3', 'PID': '22188', 'Size': {'val': 0, 'unit': 'k'}}, {'Client': 'user', 'Process': 'gnome-shell', 'PID': '2138', 'Size': {'val': 5384, 'unit': 'k'}}, {'Client': 'user', 'Process': 'Xorg', 'PID': '1884', 'Size': {'val': 18140, 'unit': 'k'}}, {'Client': 'user', 'Process': 'nvargus-daemon', 'PID': '1179', 'Size': {'val': 0, 'unit': 'k'}}]]",5.793134927749634
2611672,7512672,k,"{'nblock': 529, 'size': 4, 'unit': 'M'}",232776,"[['Client', 'Process', 'PID', 'Size'], [{'Client': 'user', 'Process': 'python3', 'PID': '22194', 'Size': {'val': 0, 'unit': 'k'}}, {'Client': 'user', 'Process': 'python3', 'PID': '22188', 'Size': {'val': 209252, 'unit': 'k'}}, {'Client': 'user', 'Process': 'gnome-shell', 'PID': '2138', 'Size': {'val': 5384, 'unit': 'k'}}, {'Client': 'user', 'Process': 'Xorg', 'PID': '1884', 'Size': {'val': 18140, 'unit': 'k'}}, {'Client': 'user', 'Process': 'nvargus-daemon', 'PID': '1179', 'Size': {'val': 0, 'unit': 'k'}}]]",7.062518119812012
2891260,7512672,k,"{'nblock': 514, 'size': 4, 'unit': 'M'}",415616,"[['Client', 'Process', 'PID', 'Size'], [{'Client': 'user', 'Process': 'python3', 'PID': '22194', 'Size': {'val': 0, 'unit': 'k'}}, {'Client': 'user', 'Process': 'python3', 'PID': '22188', 'Size': {'val': 392092, 'unit': 'k'}}, {'Client': 'user', 'Process': 'gnome-shell', 'PID': '2138', 'Size': {'val': 5384, 'unit': 'k'}}, {'Client': 'user', 'Process': 'Xorg', 'PID': '1884', 'Size': {'val': 18140, 'unit': 'k'}}, {'Client': 'user', 'Process': 'nvargus-daemon', 'PID': '1179', 'Size': {'val': 0, 'unit': 'k'}}]]",8.290278434753418
2428136,7512672,k,"{'nblock': 702, 'size': 4, 'unit': 'M'}",475600,"[['Client', 'Process', 'PID', 'Size'], [{'Client': 'user', 'Process': 'python3', 'PID': '22194', 'Size': {'val': 0, 'unit': 'k'}}, {'Client': 'user', 'Process': 'python3', 'PID': '22188', 'Size': {'val': 452076, 'unit': 'k'}}, {'Client': 'user', 'Process': 'gnome-shell', 'PID': '2138', 'Size': {'val': 5384, 'unit': 'k'}}, {'Client': 'user', 'Process': 'Xorg', 'PID': '1884', 'Size': {'val': 18140, 'unit': 'k'}}, {'Client': 'user', 'Process': 'nvargus-daemon', 'PID': '1179', 'Size': {'val': 0, 'unit': 'k'}}]]",10.18822717666626
2446960,7512672,k,"{'nblock': 702, 'size': 4, 'unit': 'M'}",475600,"[['Client', 'Process', 'PID', 'Size'], [{'Client': 'user', 'Process': 'python3', 'PID': '23933', 'Size': {'val': 0, 'unit': 'k'}}, {'Client': 'user', 'Process': 'python3', 'PID': '23927', 'Size': {'val': 0, 'unit': 'k'}}, {'Client': 'user', 'Process': 'python3', 'PID': '23921', 'Size': {'val': 0, 'unit': 'k'}}, {'Client': 'user', 'Process': 'python3', 'PID': '23915', 'Size': {'val': 0, 'unit': 'k'}}, {'Client': 'user', 'Process': 'python3', 'PID': '22194', 'Size': {'val': 0, 'unit': 'k'}}, {'Client': 'user', 'Process': 'python3', 'PID': '22188', 'Size': {'val': 452076, 'unit': 'k'}}, {'Client': 'user', 'Process': 'gnome-shell', 'PID': '2138', 'Size': {'val': 5384, 'unit': 'k'}}, {'Client': 'user', 'Process': 'Xorg', 'PID': '1884', 'Size': {'val': 18140, 'unit': 'k'}}, {'Client': 'user', 'Process': 'nvargus-daemon', 'PID': '1179', 'Size': {'val': 0, 'unit': 'k'}}]]",11.454686403274536
2570204,7512672,k,"{'nblock': 702, 'size': 4, 'unit': 'M'}",475600,"[['Client', 'Process', 'PID', 'Size'], [{'Client': 'user', 'Process': 'python3', 'PID': '23933', 'Size': {'val': 0, 'unit': 'k'}}, {'Client': 'user', 'Process': 'python3', 'PID': '23927', 'Size': {'val': 0, 'unit': 'k'}}, {'Client': 'user', 'Process': 'python3', 'PID': '23921', 'Size': {'val': 0, 'unit': 'k'}}, {'Client': 'user', 'Process': 'python3', 'PID': '23915', 'Size': {'val': 0, 'unit': 'k'}}, {'Client': 'user', 'Process': 'python3', 'PID': '22194', 'Size': {'val': 0, 'unit': 'k'}}, {'Client': 'user', 'Process': 'python3', 'PID': '22188', 'Size': {'val': 452076, 'unit': 'k'}}, {'Client': 'user', 'Process': 'gnome-shell', 'PID': '2138', 'Size': {'val': 5384, 'unit': 'k'}}, {'Client': 'user', 'Process': 'Xorg', 'PID': '1884', 'Size': {'val': 18140, 'unit': 'k'}}, {'Client': 'user', 'Process': 'nvargus-daemon', 'PID': '1179', 'Size': {'val': 0, 'unit': 'k'}}]]",13.09156346321106
2679632,7512672,k,"{'nblock': 702, 'size': 4, 'unit': 'M'}",498128,"[['Client', 'Process', 'PID', 'Size'], [{'Client': 'user', 'Process': 'python3', 'PID': '23933', 'Size': {'val': 0, 'unit': 'k'}}, {'Client': 'user', 'Process': 'python3', 'PID': '23927', 'Size': {'val': 0, 'unit': 'k'}}, {'Client': 'user', 'Process': 'python3', 'PID': '23921', 'Size': {'val': 0, 'unit': 'k'}}, {'Client': 'user', 'Process': 'python3', 'PID': '23915', 'Size': {'val': 0, 'unit': 'k'}}, {'Client': 'user', 'Process': 'python3', 'PID': '22194', 'Size': {'val': 0, 'unit': 'k'}}, {'Client': 'user', 'Process': 'python3', 'PID': '22188', 'Size': {'val': 474604, 'unit': 'k'}}, {'Client': 'user', 'Process': 'gnome-shell', 'PID': '2138', 'Size': {'val': 5384, 'unit': 'k'}}, {'Client': 'user', 'Process': 'Xorg', 'PID': '1884', 'Size': {'val': 18140, 'unit': 'k'}}, {'Client': 'user', 'Process': 'nvargus-daemon', 'PID': '1179', 'Size': {'val': 0, 'unit': 'k'}}]]",14.419862031936646
2713504,7512672,k,"{'nblock': 702, 'size': 4, 'unit': 'M'}",502288,"[['Client', 'Process', 'PID', 'Size'], [{'Client': 'user', 'Process': 'python3', 'PID': '23933', 'Size': {'val': 0, 'unit': 'k'}}, {'Client': 'user', 'Process': 'python3', 'PID': '23927', 'Size': {'val': 0, 'unit': 'k'}}, {'Client': 'user', 'Process': 'python3', 'PID': '23921', 'Size': {'val': 0, 'unit': 'k'}}, {'Client': 'user', 'Process': 'python3', 'PID': '23915', 'Size': {'val': 0, 'unit': 'k'}}, {'Client': 'user', 'Process': 'python3', 'PID': '22194', 'Size': {'val': 0, 'unit': 'k'}}, {'Client': 'user', 'Process': 'python3', 'PID': '22188', 'Size': {'val': 478764, 'unit': 'k'}}, {'Client': 'user', 'Process': 'gnome-shell', 'PID': '2138', 'Size': {'val': 5384, 'unit': 'k'}}, {'Client': 'user', 'Process': 'Xorg', 'PID': '1884', 'Size': {'val': 18140, 'unit': 'k'}}, {'Client': 'user', 'Process': 'nvargus-daemon', 'PID': '1179', 'Size': {'val': 0, 'unit': 'k'}}]]",15.598851203918457
2743424,7512672,k,"{'nblock': 702, 'size': 4, 'unit': 'M'}",522832,"[['Client', 'Process', 'PID', 'Size'], [{'Client': 'user', 'Process': 'python3', 'PID': '23933', 'Size': {'val': 0, 'unit': 'k'}}, {'Client': 'user', 'Process': 'python3', 'PID': '23927', 'Size': {'val': 0, 'unit': 'k'}}, {'Client': 'user', 'Process': 'python3', 'PID': '23921', 'Size': {'val': 0, 'unit': 'k'}}, {'Client': 'user', 'Process': 'python3', 'PID': '23915', 'Size': {'val': 0, 'unit': 'k'}}, {'Client': 'user', 'Process': 'python3', 'PID': '22194', 'Size': {'val': 0, 'unit': 'k'}}, {'Client': 'user', 'Process': 'python3', 'PID': '22188', 'Size': {'val': 499308, 'unit': 'k'}}, {'Client': 'user', 'Process': 'gnome-shell', 'PID': '2138', 'Size': {'val': 5384, 'unit': 'k'}}, {'Client': 'user', 'Process': 'Xorg', 'PID': '1884', 'Size': {'val': 18140, 'unit': 'k'}}, {'Client': 'user', 'Process': 'nvargus-daemon', 'PID': '1179', 'Size': {'val': 0, 'unit': 'k'}}]]",16.787742376327515
2798804,7512672,k,"{'nblock': 702, 'size': 4, 'unit': 'M'}",541464,"[['Client', 'Process', 'PID', 'Size'], [{'Client': 'user', 'Process': 'python3', 'PID': '23933', 'Size': {'val': 0, 'unit': 'k'}}, {'Client': 'user', 'Process': 'python3', 'PID': '23927', 'Size': {'val': 0, 'unit': 'k'}}, {'Client': 'user', 'Process': 'python3', 'PID': '23921', 'Size': {'val': 0, 'unit': 'k'}}, {'Client': 'user', 'Process': 'python3', 'PID': '23915', 'Size': {'val': 0, 'unit': 'k'}}, {'Client': 'user', 'Process': 'python3', 'PID': '22194', 'Size': {'val': 0, 'unit': 'k'}}, {'Client': 'user', 'Process': 'python3', 'PID': '22188', 'Size': {'val': 517940, 'unit': 'k'}}, {'Client': 'user', 'Process': 'gnome-shell', 'PID': '2138', 'Size': {'val': 5384, 'unit': 'k'}}, {'Client': 'user', 'Process': 'Xorg', 'PID': '1884', 'Size': {'val': 18140, 'unit': 'k'}}, {'Client': 'user', 'Process': 'nvargus-daemon', 'PID': '1179', 'Size': {'val': 0, 'unit': 'k'}}]]",17.99066686630249
2825808,7512672,k,"{'nblock': 702, 'size': 4, 'unit': 'M'}",547608,"[['Client', 'Process', 'PID', 'Size'], [{'Client': 'user', 'Process': 'python3', 'PID': '23933', 'Size': {'val': 0, 'unit': 'k'}}, {'Client': 'user', 'Process': 'python3', 'PID': '23927', 'Size': {'val': 0, 'unit': 'k'}}, {'Client': 'user', 'Process': 'python3', 'PID': '23921', 'Size': {'val': 0, 'unit': 'k'}}, {'Client': 'user', 'Process': 'python3', 'PID': '23915', 'Size': {'val': 0, 'unit': 'k'}}, {'Client': 'user', 'Process': 'python3', 'PID': '22194', 'Size': {'val': 0, 'unit': 'k'}}, {'Client': 'user', 'Process': 'python3', 'PID': '22188', 'Size': {'val': 524084, 'unit': 'k'}}, {'Client': 'user', 'Process': 'gnome-shell', 'PID': '2138', 'Size': {'val': 5384, 'unit': 'k'}}, {'Client': 'user', 'Process': 'Xorg', 'PID': '1884', 'Size': {'val': 18140, 'unit': 'k'}}, {'Client': 'user', 'Process': 'nvargus-daemon', 'PID': '1179', 'Size': {'val': 0, 'unit': 'k'}}]]",19.194551944732666
2843368,7512672,k,"{'nblock': 702, 'size': 4, 'unit': 'M'}",555800,"[['Client', 'Process', 'PID', 'Size'], [{'Client': 'user', 'Process': 'python3', 'PID': '23933', 'Size': {'val': 0, 'unit': 'k'}}, {'Client': 'user', 'Process': 'python3', 'PID': '23927', 'Size': {'val': 0, 'unit': 'k'}}, {'Client': 'user', 'Process': 'python3', 'PID': '23921', 'Size': {'val': 0, 'unit': 'k'}}, {'Client': 'user', 'Process': 'python3', 'PID': '23915', 'Size': {'val': 0, 'unit': 'k'}}, {'Client': 'user', 'Process': 'python3', 'PID': '22194', 'Size': {'val': 0, 'unit': 'k'}}, {'Client': 'user', 'Process': 'python3', 'PID': '22188', 'Size': {'val': 532276, 'unit': 'k'}}, {'Client': 'user', 'Process': 'gnome-shell', 'PID': '2138', 'Size': {'val': 5384, 'unit': 'k'}}, {'Client': 'user', 'Process': 'Xorg', 'PID': '1884', 'Size': {'val': 18140, 'unit': 'k'}}, {'Client': 'user', 'Process': 'nvargus-daemon', 'PID': '1179', 'Size': {'val': 0, 'unit': 'k'}}]]",20.39418363571167
2859328,7512672,k,"{'nblock': 702, 'size': 4, 'unit': 'M'}",562008,"[['Client', 'Process', 'PID', 'Size'], [{'Client': 'user', 'Process': 'python3', 'PID': '23933', 'Size': {'val': 0, 'unit': 'k'}}, {'Client': 'user', 'Process': 'python3', 'PID': '23927', 'Size': {'val': 0, 'unit': 'k'}}, {'Client': 'user', 'Process': 'python3', 'PID': '23921', 'Size': {'val': 0, 'unit': 'k'}}, {'Client': 'user', 'Process': 'python3', 'PID': '23915', 'Size': {'val': 0, 'unit': 'k'}}, {'Client': 'user', 'Process': 'python3', 'PID': '22194', 'Size': {'val': 0, 'unit': 'k'}}, {'Client': 'user', 'Process': 'python3', 'PID': '22188', 'Size': {'val': 538484, 'unit': 'k'}}, {'Client': 'user', 'Process': 'gnome-shell', 'PID': '2138', 'Size': {'val': 5384, 'unit': 'k'}}, {'Client': 'user', 'Process': 'Xorg', 'PID': '1884', 'Size': {'val': 18140, 'unit': 'k'}}, {'Client': 'user', 'Process': 'nvargus-daemon', 'PID': '1179', 'Size': {'val': 0, 'unit': 'k'}}]]",21.631944179534912
2935588,7512672,k,"{'nblock': 689, 'size': 4, 'unit': 'M'}",592856,"[['Client', 'Process', 'PID', 'Size'], [{'Client': 'user', 'Process': 'python3', 'PID': '23933', 'Size': {'val': 0, 'unit': 'k'}}, {'Client': 'user', 'Process': 'python3', 'PID': '23927', 'Size': {'val': 0, 'unit': 'k'}}, {'Client': 'user', 'Process': 'python3', 'PID': '23921', 'Size': {'val': 0, 'unit': 'k'}}, {'Client': 'user', 'Process': 'python3', 'PID': '23915', 'Size': {'val': 0, 'unit': 'k'}}, {'Client': 'user', 'Process': 'python3', 'PID': '22194', 'Size': {'val': 0, 'unit': 'k'}}, {'Client': 'user', 'Process': 'python3', 'PID': '22188', 'Size': {'val': 569332, 'unit': 'k'}}, {'Client': 'user', 'Process': 'gnome-shell', 'PID': '2138', 'Size': {'val': 5384, 'unit': 'k'}}, {'Client': 'user', 'Process': 'Xorg', 'PID': '1884', 'Size': {'val': 18140, 'unit': 'k'}}, {'Client': 'user', 'Process': 'nvargus-daemon', 'PID': '1179', 'Size': {'val': 0, 'unit': 'k'}}]]",22.820395708084106
2980308,7512672,k,"{'nblock': 680, 'size': 4, 'unit': 'M'}",607320,"[['Client', 'Process', 'PID', 'Size'], [{'Client': 'user', 'Process': 'python3', 'PID': '23933', 'Size': {'val': 0, 'unit': 'k'}}, {'Client': 'user', 'Process': 'python3', 'PID': '23927', 'Size': {'val': 0, 'unit': 'k'}}, {'Client': 'user', 'Process': 'python3', 'PID': '23921', 'Size': {'val': 0, 'unit': 'k'}}, {'Client': 'user', 'Process': 'python3', 'PID': '23915', 'Size': {'val': 0, 'unit': 'k'}}, {'Client': 'user', 'Process': 'python3', 'PID': '22194', 'Size': {'val': 0, 'unit': 'k'}}, {'Client': 'user', 'Process': 'python3', 'PID': '22188', 'Size': {'val': 583796, 'unit': 'k'}}, {'Client': 'user', 'Process': 'gnome-shell', 'PID': '2138', 'Size': {'val': 5384, 'unit': 'k'}}, {'Client': 'user', 'Process': 'Xorg', 'PID': '1884', 'Size': {'val': 18140, 'unit': 'k'}}, {'Client': 'user', 'Process': 'nvargus-daemon', 'PID': '1179', 'Size': {'val': 0, 'unit': 'k'}}]]",23.990426778793335
3032604,7512672,k,"{'nblock': 670, 'size': 4, 'unit': 'M'}",629912,"[['Client', 'Process', 'PID', 'Size'], [{'Client': 'user', 'Process': 'python3', 'PID': '23933', 'Size': {'val': 0, 'unit': 'k'}}, {'Client': 'user', 'Process': 'python3', 'PID': '23927', 'Size': {'val': 0, 'unit': 'k'}}, {'Client': 'user', 'Process': 'python3', 'PID': '23921', 'Size': {'val': 0, 'unit': 'k'}}, {'Client': 'user', 'Process': 'python3', 'PID': '23915', 'Size': {'val': 0, 'unit': 'k'}}, {'Client': 'user', 'Process': 'python3', 'PID': '22194', 'Size': {'val': 0, 'unit': 'k'}}, {'Client': 'user', 'Process': 'python3', 'PID': '22188', 'Size': {'val': 606388, 'unit': 'k'}}, {'Client': 'user', 'Process': 'gnome-shell', 'PID': '2138', 'Size': {'val': 5384, 'unit': 'k'}}, {'Client': 'user', 'Process': 'Xorg', 'PID': '1884', 'Size': {'val': 18140, 'unit': 'k'}}, {'Client': 'user', 'Process': 'nvargus-daemon', 'PID': '1179', 'Size': {'val': 0, 'unit': 'k'}}]]",25.1907856464386
3076288,7512672,k,"{'nblock': 664, 'size': 4, 'unit': 'M'}",646360,"[['Client', 'Process', 'PID', 'Size'], [{'Client': 'user', 'Process': 'python3', 'PID': '23933', 'Size': {'val': 0, 'unit': 'k'}}, {'Client': 'user', 'Process': 'python3', 'PID': '23927', 'Size': {'val': 0, 'unit': 'k'}}, {'Client': 'user', 'Process': 'python3', 'PID': '23921', 'Size': {'val': 0, 'unit': 'k'}}, {'Client': 'user', 'Process': 'python3', 'PID': '23915', 'Size': {'val': 0, 'unit': 'k'}}, {'Client': 'user', 'Process': 'python3', 'PID': '22194', 'Size': {'val': 0, 'unit': 'k'}}, {'Client': 'user', 'Process': 'python3', 'PID': '22188', 'Size': {'val': 622836, 'unit': 'k'}}, {'Client': 'user', 'Process': 'gnome-shell', 'PID': '2138', 'Size': {'val': 5384, 'unit': 'k'}}, {'Client': 'user', 'Process': 'Xorg', 'PID': '1884', 'Size': {'val': 18140, 'unit': 'k'}}, {'Client': 'user', 'Process': 'nvargus-daemon', 'PID': '1179', 'Size': {'val': 0, 'unit': 'k'}}]]",26.376808643341064
3140668,7512672,k,"{'nblock': 649, 'size': 4, 'unit': 'M'}",673112,"[['Client', 'Process', 'PID', 'Size'], [{'Client': 'user', 'Process': 'python3', 'PID': '23933', 'Size': {'val': 0, 'unit': 'k'}}, {'Client': 'user', 'Process': 'python3', 'PID': '23927', 'Size': {'val': 0, 'unit': 'k'}}, {'Client': 'user', 'Process': 'python3', 'PID': '23921', 'Size': {'val': 0, 'unit': 'k'}}, {'Client': 'user', 'Process': 'python3', 'PID': '23915', 'Size': {'val': 0, 'unit': 'k'}}, {'Client': 'user', 'Process': 'python3', 'PID': '22194', 'Size': {'val': 0, 'unit': 'k'}}, {'Client': 'user', 'Process': 'python3', 'PID': '22188', 'Size': {'val': 649588, 'unit': 'k'}}, {'Client': 'user', 'Process': 'gnome-shell', 'PID': '2138', 'Size': {'val': 5384, 'unit': 'k'}}, {'Client': 'user', 'Process': 'Xorg', 'PID': '1884', 'Size': {'val': 18140, 'unit': 'k'}}, {'Client': 'user', 'Process': 'nvargus-daemon', 'PID': '1179', 'Size': {'val': 0, 'unit': 'k'}}]]",27.589791774749756
3201408,7512672,k,"{'nblock': 638, 'size': 4, 'unit': 'M'}",695768,"[['Client', 'Process', 'PID', 'Size'], [{'Client': 'user', 'Process': 'python3', 'PID': '23933', 'Size': {'val': 0, 'unit': 'k'}}, {'Client': 'user', 'Process': 'python3', 'PID': '23927', 'Size': {'val': 0, 'unit': 'k'}}, {'Client': 'user', 'Process': 'python3', 'PID': '23921', 'Size': {'val': 0, 'unit': 'k'}}, {'Client': 'user', 'Process': 'python3', 'PID': '23915', 'Size': {'val': 0, 'unit': 'k'}}, {'Client': 'user', 'Process': 'python3', 'PID': '22194', 'Size': {'val': 0, 'unit': 'k'}}, {'Client': 'user', 'Process': 'python3', 'PID': '22188', 'Size': {'val': 672244, 'unit': 'k'}}, {'Client': 'user', 'Process': 'gnome-shell', 'PID': '2138', 'Size': {'val': 5384, 'unit': 'k'}}, {'Client': 'user', 'Process': 'Xorg', 'PID': '1884', 'Size': {'val': 18140, 'unit': 'k'}}, {'Client': 'user', 'Process': 'nvargus-daemon', 'PID': '1179', 'Size': {'val': 0, 'unit': 'k'}}]]",28.791595458984375
3257584,7512672,k,"{'nblock': 626, 'size': 4, 'unit': 'M'}",718296,"[['Client', 'Process', 'PID', 'Size'], [{'Client': 'user', 'Process': 'python3', 'PID': '23933', 'Size': {'val': 0, 'unit': 'k'}}, {'Client': 'user', 'Process': 'python3', 'PID': '23927', 'Size': {'val': 0, 'unit': 'k'}}, {'Client': 'user', 'Process': 'python3', 'PID': '23921', 'Size': {'val': 0, 'unit': 'k'}}, {'Client': 'user', 'Process': 'python3', 'PID': '23915', 'Size': {'val': 0, 'unit': 'k'}}, {'Client': 'user', 'Process': 'python3', 'PID': '22194', 'Size': {'val': 0, 'unit': 'k'}}, {'Client': 'user', 'Process': 'python3', 'PID': '22188', 'Size': {'val': 694772, 'unit': 'k'}}, {'Client': 'user', 'Process': 'gnome-shell', 'PID': '2138', 'Size': {'val': 5384, 'unit': 'k'}}, {'Client': 'user', 'Process': 'Xorg', 'PID': '1884', 'Size': {'val': 18140, 'unit': 'k'}}, {'Client': 'user', 'Process': 'nvargus-daemon', 'PID': '1179', 'Size': {'val': 0, 'unit': 'k'}}]]",29.967981576919556
3314852,7512672,k,"{'nblock': 616, 'size': 4, 'unit': 'M'}",736792,"[['Client', 'Process', 'PID', 'Size'], [{'Client': 'user', 'Process': 'python3', 'PID': '23933', 'Size': {'val': 0, 'unit': 'k'}}, {'Client': 'user', 'Process': 'python3', 'PID': '23927', 'Size': {'val': 0, 'unit': 'k'}}, {'Client': 'user', 'Process': 'python3', 'PID': '23921', 'Size': {'val': 0, 'unit': 'k'}}, {'Client': 'user', 'Process': 'python3', 'PID': '23915', 'Size': {'val': 0, 'unit': 'k'}}, {'Client': 'user', 'Process': 'python3', 'PID': '22194', 'Size': {'val': 0, 'unit': 'k'}}, {'Client': 'user', 'Process': 'python3', 'PID': '22188', 'Size': {'val': 713268, 'unit': 'k'}}, {'Client': 'user', 'Process': 'gnome-shell', 'PID': '2138', 'Size': {'val': 5384, 'unit': 'k'}}, {'Client': 'user', 'Process': 'Xorg', 'PID': '1884', 'Size': {'val': 18140, 'unit': 'k'}}, {'Client': 'user', 'Process': 'nvargus-daemon', 'PID': '1179', 'Size': {'val': 0, 'unit': 'k'}}]]",31.162128448486328
3351324,7512672,k,"{'nblock': 608, 'size': 4, 'unit': 'M'}",753304,"[['Client', 'Process', 'PID', 'Size'], [{'Client': 'user', 'Process': 'python3', 'PID': '23933', 'Size': {'val': 0, 'unit': 'k'}}, {'Client': 'user', 'Process': 'python3', 'PID': '23927', 'Size': {'val': 0, 'unit': 'k'}}, {'Client': 'user', 'Process': 'python3', 'PID': '23921', 'Size': {'val': 0, 'unit': 'k'}}, {'Client': 'user', 'Process': 'python3', 'PID': '23915', 'Size': {'val': 0, 'unit': 'k'}}, {'Client': 'user', 'Process': 'python3', 'PID': '22194', 'Size': {'val': 0, 'unit': 'k'}}, {'Client': 'user', 'Process': 'python3', 'PID': '22188', 'Size': {'val': 729780, 'unit': 'k'}}, {'Client': 'user', 'Process': 'gnome-shell', 'PID': '2138', 'Size': {'val': 5384, 'unit': 'k'}}, {'Client': 'user', 'Process': 'Xorg', 'PID': '1884', 'Size': {'val': 18140, 'unit': 'k'}}, {'Client': 'user', 'Process': 'nvargus-daemon', 'PID': '1179', 'Size': {'val': 0, 'unit': 'k'}}]]",32.3908851146698
3474960,7512672,k,"{'nblock': 583, 'size': 4, 'unit': 'M'}",796376,"[['Client', 'Process', 'PID', 'Size'], [{'Client': 'user', 'Process': 'python3', 'PID': '23933', 'Size': {'val': 0, 'unit': 'k'}}, {'Client': 'user', 'Process': 'python3', 'PID': '23927', 'Size': {'val': 0, 'unit': 'k'}}, {'Client': 'user', 'Process': 'python3', 'PID': '23921', 'Size': {'val': 0, 'unit': 'k'}}, {'Client': 'user', 'Process': 'python3', 'PID': '23915', 'Size': {'val': 0, 'unit': 'k'}}, {'Client': 'user', 'Process': 'python3', 'PID': '22194', 'Size': {'val': 0, 'unit': 'k'}}, {'Client': 'user', 'Process': 'python3', 'PID': '22188', 'Size': {'val': 772852, 'unit': 'k'}}, {'Client': 'user', 'Process': 'gnome-shell', 'PID': '2138', 'Size': {'val': 5384, 'unit': 'k'}}, {'Client': 'user', 'Process': 'Xorg', 'PID': '1884', 'Size': {'val': 18140, 'unit': 'k'}}, {'Client': 'user', 'Process': 'nvargus-daemon', 'PID': '1179', 'Size': {'val': 0, 'unit': 'k'}}]]",33.6330943107605
3519220,7512672,k,"{'nblock': 575, 'size': 4, 'unit': 'M'}",816984,"[['Client', 'Process', 'PID', 'Size'], [{'Client': 'user', 'Process': 'python3', 'PID': '23933', 'Size': {'val': 0, 'unit': 'k'}}, {'Client': 'user', 'Process': 'python3', 'PID': '23927', 'Size': {'val': 0, 'unit': 'k'}}, {'Client': 'user', 'Process': 'python3', 'PID': '23921', 'Size': {'val': 0, 'unit': 'k'}}, {'Client': 'user', 'Process': 'python3', 'PID': '23915', 'Size': {'val': 0, 'unit': 'k'}}, {'Client': 'user', 'Process': 'python3', 'PID': '22194', 'Size': {'val': 0, 'unit': 'k'}}, {'Client': 'user', 'Process': 'python3', 'PID': '22188', 'Size': {'val': 793460, 'unit': 'k'}}, {'Client': 'user', 'Process': 'gnome-shell', 'PID': '2138', 'Size': {'val': 5384, 'unit': 'k'}}, {'Client': 'user', 'Process': 'Xorg', 'PID': '1884', 'Size': {'val': 18140, 'unit': 'k'}}, {'Client': 'user', 'Process': 'nvargus-daemon', 'PID': '1179', 'Size': {'val': 0, 'unit': 'k'}}]]",34.80366230010986
3521944,7512672,k,"{'nblock': 575, 'size': 4, 'unit': 'M'}",819032,"[['Client', 'Process', 'PID', 'Size'], [{'Client': 'user', 'Process': 'python3', 'PID': '23933', 'Size': {'val': 0, 'unit': 'k'}}, {'Client': 'user', 'Process': 'python3', 'PID': '23927', 'Size': {'val': 0, 'unit': 'k'}}, {'Client': 'user', 'Process': 'python3', 'PID': '23921', 'Size': {'val': 0, 'unit': 'k'}}, {'Client': 'user', 'Process': 'python3', 'PID': '23915', 'Size': {'val': 0, 'unit': 'k'}}, {'Client': 'user', 'Process': 'python3', 'PID': '22194', 'Size': {'val': 0, 'unit': 'k'}}, {'Client': 'user', 'Process': 'python3', 'PID': '22188', 'Size': {'val': 795508, 'unit': 'k'}}, {'Client': 'user', 'Process': 'gnome-shell', 'PID': '2138', 'Size': {'val': 5384, 'unit': 'k'}}, {'Client': 'user', 'Process': 'Xorg', 'PID': '1884', 'Size': {'val': 18140, 'unit': 'k'}}, {'Client': 'user', 'Process': 'nvargus-daemon', 'PID': '1179', 'Size': {'val': 0, 'unit': 'k'}}]]",35.96653342247009
3530852,7512672,k,"{'nblock': 574, 'size': 4, 'unit': 'M'}",823128,"[['Client', 'Process', 'PID', 'Size'], [{'Client': 'user', 'Process': 'python3', 'PID': '23933', 'Size': {'val': 0, 'unit': 'k'}}, {'Client': 'user', 'Process': 'python3', 'PID': '23927', 'Size': {'val': 0, 'unit': 'k'}}, {'Client': 'user', 'Process': 'python3', 'PID': '23921', 'Size': {'val': 0, 'unit': 'k'}}, {'Client': 'user', 'Process': 'python3', 'PID': '23915', 'Size': {'val': 0, 'unit': 'k'}}, {'Client': 'user', 'Process': 'python3', 'PID': '22194', 'Size': {'val': 0, 'unit': 'k'}}, {'Client': 'user', 'Process': 'python3', 'PID': '22188', 'Size': {'val': 799604, 'unit': 'k'}}, {'Client': 'user', 'Process': 'gnome-shell', 'PID': '2138', 'Size': {'val': 5384, 'unit': 'k'}}, {'Client': 'user', 'Process': 'Xorg', 'PID': '1884', 'Size': {'val': 18140, 'unit': 'k'}}, {'Client': 'user', 'Process': 'nvargus-daemon', 'PID': '1179', 'Size': {'val': 0, 'unit': 'k'}}]]",37.18093276023865
3555596,7512672,k,"{'nblock': 571, 'size': 4, 'unit': 'M'}",831320,"[['Client', 'Process', 'PID', 'Size'], [{'Client': 'user', 'Process': 'python3', 'PID': '23933', 'Size': {'val': 0, 'unit': 'k'}}, {'Client': 'user', 'Process': 'python3', 'PID': '23927', 'Size': {'val': 0, 'unit': 'k'}}, {'Client': 'user', 'Process': 'python3', 'PID': '23921', 'Size': {'val': 0, 'unit': 'k'}}, {'Client': 'user', 'Process': 'python3', 'PID': '23915', 'Size': {'val': 0, 'unit': 'k'}}, {'Client': 'user', 'Process': 'python3', 'PID': '22194', 'Size': {'val': 0, 'unit': 'k'}}, {'Client': 'user', 'Process': 'python3', 'PID': '22188', 'Size': {'val': 807796, 'unit': 'k'}}, {'Client': 'user', 'Process': 'gnome-shell', 'PID': '2138', 'Size': {'val': 5384, 'unit': 'k'}}, {'Client': 'user', 'Process': 'Xorg', 'PID': '1884', 'Size': {'val': 18140, 'unit': 'k'}}, {'Client': 'user', 'Process': 'nvargus-daemon', 'PID': '1179', 'Size': {'val': 0, 'unit': 'k'}}]]",38.36273407936096
3564988,7512672,k,"{'nblock': 570, 'size': 4, 'unit': 'M'}",835416,"[['Client', 'Process', 'PID', 'Size'], [{'Client': 'user', 'Process': 'python3', 'PID': '23933', 'Size': {'val': 0, 'unit': 'k'}}, {'Client': 'user', 'Process': 'python3', 'PID': '23927', 'Size': {'val': 0, 'unit': 'k'}}, {'Client': 'user', 'Process': 'python3', 'PID': '23921', 'Size': {'val': 0, 'unit': 'k'}}, {'Client': 'user', 'Process': 'python3', 'PID': '23915', 'Size': {'val': 0, 'unit': 'k'}}, {'Client': 'user', 'Process': 'python3', 'PID': '22194', 'Size': {'val': 0, 'unit': 'k'}}, {'Client': 'user', 'Process': 'python3', 'PID': '22188', 'Size': {'val': 811892, 'unit': 'k'}}, {'Client': 'user', 'Process': 'gnome-shell', 'PID': '2138', 'Size': {'val': 5384, 'unit': 'k'}}, {'Client': 'user', 'Process': 'Xorg', 'PID': '1884', 'Size': {'val': 18140, 'unit': 'k'}}, {'Client': 'user', 'Process': 'nvargus-daemon', 'PID': '1179', 'Size': {'val': 0, 'unit': 'k'}}]]",39.53814220428467
3584668,7512672,k,"{'nblock': 568, 'size': 4, 'unit': 'M'}",841624,"[['Client', 'Process', 'PID', 'Size'], [{'Client': 'user', 'Process': 'python3', 'PID': '23933', 'Size': {'val': 0, 'unit': 'k'}}, {'Client': 'user', 'Process': 'python3', 'PID': '23927', 'Size': {'val': 0, 'unit': 'k'}}, {'Client': 'user', 'Process': 'python3', 'PID': '23921', 'Size': {'val': 0, 'unit': 'k'}}, {'Client': 'user', 'Process': 'python3', 'PID': '23915', 'Size': {'val': 0, 'unit': 'k'}}, {'Client': 'user', 'Process': 'python3', 'PID': '22194', 'Size': {'val': 0, 'unit': 'k'}}, {'Client': 'user', 'Process': 'python3', 'PID': '22188', 'Size': {'val': 818100, 'unit': 'k'}}, {'Client': 'user', 'Process': 'gnome-shell', 'PID': '2138', 'Size': {'val': 5384, 'unit': 'k'}}, {'Client': 'user', 'Process': 'Xorg', 'PID': '1884', 'Size': {'val': 18140, 'unit': 'k'}}, {'Client': 'user', 'Process': 'nvargus-daemon', 'PID': '1179', 'Size': {'val': 0, 'unit': 'k'}}]]",40.74727964401245
3607880,7512672,k,"{'nblock': 565, 'size': 4, 'unit': 'M'}",851928,"[['Client', 'Process', 'PID', 'Size'], [{'Client': 'user', 'Process': 'python3', 'PID': '23933', 'Size': {'val': 0, 'unit': 'k'}}, {'Client': 'user', 'Process': 'python3', 'PID': '23927', 'Size': {'val': 0, 'unit': 'k'}}, {'Client': 'user', 'Process': 'python3', 'PID': '23921', 'Size': {'val': 0, 'unit': 'k'}}, {'Client': 'user', 'Process': 'python3', 'PID': '23915', 'Size': {'val': 0, 'unit': 'k'}}, {'Client': 'user', 'Process': 'python3', 'PID': '22194', 'Size': {'val': 0, 'unit': 'k'}}, {'Client': 'user', 'Process': 'python3', 'PID': '22188', 'Size': {'val': 828404, 'unit': 'k'}}, {'Client': 'user', 'Process': 'gnome-shell', 'PID': '2138', 'Size': {'val': 5384, 'unit': 'k'}}, {'Client': 'user', 'Process': 'Xorg', 'PID': '1884', 'Size': {'val': 18140, 'unit': 'k'}}, {'Client': 'user', 'Process': 'nvargus-daemon', 'PID': '1179', 'Size': {'val': 0, 'unit': 'k'}}]]",41.93051028251648
3626992,7512672,k,"{'nblock': 563, 'size': 4, 'unit': 'M'}",858072,"[['Client', 'Process', 'PID', 'Size'], [{'Client': 'user', 'Process': 'python3', 'PID': '23933', 'Size': {'val': 0, 'unit': 'k'}}, {'Client': 'user', 'Process': 'python3', 'PID': '23927', 'Size': {'val': 0, 'unit': 'k'}}, {'Client': 'user', 'Process': 'python3', 'PID': '23921', 'Size': {'val': 0, 'unit': 'k'}}, {'Client': 'user', 'Process': 'python3', 'PID': '23915', 'Size': {'val': 0, 'unit': 'k'}}, {'Client': 'user', 'Process': 'python3', 'PID': '22194', 'Size': {'val': 0, 'unit': 'k'}}, {'Client': 'user', 'Process': 'python3', 'PID': '22188', 'Size': {'val': 834548, 'unit': 'k'}}, {'Client': 'user', 'Process': 'gnome-shell', 'PID': '2138', 'Size': {'val': 5384, 'unit': 'k'}}, {'Client': 'user', 'Process': 'Xorg', 'PID': '1884', 'Size': {'val': 18140, 'unit': 'k'}}, {'Client': 'user', 'Process': 'nvargus-daemon', 'PID': '1179', 'Size': {'val': 0, 'unit': 'k'}}]]",43.16709780693054
3664944,7512672,k,"{'nblock': 558, 'size': 4, 'unit': 'M'}",872408,"[['Client', 'Process', 'PID', 'Size'], [{'Client': 'user', 'Process': 'python3', 'PID': '23933', 'Size': {'val': 0, 'unit': 'k'}}, {'Client': 'user', 'Process': 'python3', 'PID': '23927', 'Size': {'val': 0, 'unit': 'k'}}, {'Client': 'user', 'Process': 'python3', 'PID': '23921', 'Size': {'val': 0, 'unit': 'k'}}, {'Client': 'user', 'Process': 'python3', 'PID': '23915', 'Size': {'val': 0, 'unit': 'k'}}, {'Client': 'user', 'Process': 'python3', 'PID': '22194', 'Size': {'val': 0, 'unit': 'k'}}, {'Client': 'user', 'Process': 'python3', 'PID': '22188', 'Size': {'val': 848884, 'unit': 'k'}}, {'Client': 'user', 'Process': 'gnome-shell', 'PID': '2138', 'Size': {'val': 5384, 'unit': 'k'}}, {'Client': 'user', 'Process': 'Xorg', 'PID': '1884', 'Size': {'val': 18140, 'unit': 'k'}}, {'Client': 'user', 'Process': 'nvargus-daemon', 'PID': '1179', 'Size': {'val': 0, 'unit': 'k'}}]]",44.356844425201416
3691076,7512672,k,"{'nblock': 554, 'size': 4, 'unit': 'M'}",888856,"[['Client', 'Process', 'PID', 'Size'], [{'Client': 'user', 'Process': 'python3', 'PID': '23933', 'Size': {'val': 0, 'unit': 'k'}}, {'Client': 'user', 'Process': 'python3', 'PID': '23927', 'Size': {'val': 0, 'unit': 'k'}}, {'Client': 'user', 'Process': 'python3', 'PID': '23921', 'Size': {'val': 0, 'unit': 'k'}}, {'Client': 'user', 'Process': 'python3', 'PID': '23915', 'Size': {'val': 0, 'unit': 'k'}}, {'Client': 'user', 'Process': 'python3', 'PID': '22194', 'Size': {'val': 0, 'unit': 'k'}}, {'Client': 'user', 'Process': 'python3', 'PID': '22188', 'Size': {'val': 865332, 'unit': 'k'}}, {'Client': 'user', 'Process': 'gnome-shell', 'PID': '2138', 'Size': {'val': 5384, 'unit': 'k'}}, {'Client': 'user', 'Process': 'Xorg', 'PID': '1884', 'Size': {'val': 18140, 'unit': 'k'}}, {'Client': 'user', 'Process': 'nvargus-daemon', 'PID': '1179', 'Size': {'val': 0, 'unit': 'k'}}]]",45.54545474052429
3693840,7512672,k,"{'nblock': 554, 'size': 4, 'unit': 'M'}",888856,"[['Client', 'Process', 'PID', 'Size'], [{'Client': 'user', 'Process': 'python3', 'PID': '23933', 'Size': {'val': 0, 'unit': 'k'}}, {'Client': 'user', 'Process': 'python3', 'PID': '23927', 'Size': {'val': 0, 'unit': 'k'}}, {'Client': 'user', 'Process': 'python3', 'PID': '23921', 'Size': {'val': 0, 'unit': 'k'}}, {'Client': 'user', 'Process': 'python3', 'PID': '23915', 'Size': {'val': 0, 'unit': 'k'}}, {'Client': 'user', 'Process': 'python3', 'PID': '22194', 'Size': {'val': 0, 'unit': 'k'}}, {'Client': 'user', 'Process': 'python3', 'PID': '22188', 'Size': {'val': 865332, 'unit': 'k'}}, {'Client': 'user', 'Process': 'gnome-shell', 'PID': '2138', 'Size': {'val': 5384, 'unit': 'k'}}, {'Client': 'user', 'Process': 'Xorg', 'PID': '1884', 'Size': {'val': 18140, 'unit': 'k'}}, {'Client': 'user', 'Process': 'nvargus-daemon', 'PID': '1179', 'Size': {'val': 0, 'unit': 'k'}}]]",46.728551387786865
3695972,7512672,k,"{'nblock': 553, 'size': 4, 'unit': 'M'}",888856,"[['Client', 'Process', 'PID', 'Size'], [{'Client': 'user', 'Process': 'python3', 'PID': '23933', 'Size': {'val': 0, 'unit': 'k'}}, {'Client': 'user', 'Process': 'python3', 'PID': '23927', 'Size': {'val': 0, 'unit': 'k'}}, {'Client': 'user', 'Process': 'python3', 'PID': '23921', 'Size': {'val': 0, 'unit': 'k'}}, {'Client': 'user', 'Process': 'python3', 'PID': '23915', 'Size': {'val': 0, 'unit': 'k'}}, {'Client': 'user', 'Process': 'python3', 'PID': '22194', 'Size': {'val': 0, 'unit': 'k'}}, {'Client': 'user', 'Process': 'python3', 'PID': '22188', 'Size': {'val': 865332, 'unit': 'k'}}, {'Client': 'user', 'Process': 'gnome-shell', 'PID': '2138', 'Size': {'val': 5384, 'unit': 'k'}}, {'Client': 'user', 'Process': 'Xorg', 'PID': '1884', 'Size': {'val': 18140, 'unit': 'k'}}, {'Client': 'user', 'Process': 'nvargus-daemon', 'PID': '1179', 'Size': {'val': 0, 'unit': 'k'}}]]",47.888559103012085
3697988,7512672,k,"{'nblock': 553, 'size': 4, 'unit': 'M'}",888856,"[['Client', 'Process', 'PID', 'Size'], [{'Client': 'user', 'Process': 'python3', 'PID': '23933', 'Size': {'val': 0, 'unit': 'k'}}, {'Client': 'user', 'Process': 'python3', 'PID': '23927', 'Size': {'val': 0, 'unit': 'k'}}, {'Client': 'user', 'Process': 'python3', 'PID': '23921', 'Size': {'val': 0, 'unit': 'k'}}, {'Client': 'user', 'Process': 'python3', 'PID': '23915', 'Size': {'val': 0, 'unit': 'k'}}, {'Client': 'user', 'Process': 'python3', 'PID': '22194', 'Size': {'val': 0, 'unit': 'k'}}, {'Client': 'user', 'Process': 'python3', 'PID': '22188', 'Size': {'val': 865332, 'unit': 'k'}}, {'Client': 'user', 'Process': 'gnome-shell', 'PID': '2138', 'Size': {'val': 5384, 'unit': 'k'}}, {'Client': 'user', 'Process': 'Xorg', 'PID': '1884', 'Size': {'val': 18140, 'unit': 'k'}}, {'Client': 'user', 'Process': 'nvargus-daemon', 'PID': '1179', 'Size': {'val': 0, 'unit': 'k'}}]]",49.10594439506531
3711892,7512672,k,"{'nblock': 553, 'size': 4, 'unit': 'M'}",888856,"[['Client', 'Process', 'PID', 'Size'], [{'Client': 'user', 'Process': 'python3', 'PID': '23933', 'Size': {'val': 0, 'unit': 'k'}}, {'Client': 'user', 'Process': 'python3', 'PID': '23927', 'Size': {'val': 0, 'unit': 'k'}}, {'Client': 'user', 'Process': 'python3', 'PID': '23921', 'Size': {'val': 0, 'unit': 'k'}}, {'Client': 'user', 'Process': 'python3', 'PID': '23915', 'Size': {'val': 0, 'unit': 'k'}}, {'Client': 'user', 'Process': 'python3', 'PID': '22194', 'Size': {'val': 0, 'unit': 'k'}}, {'Client': 'user', 'Process': 'python3', 'PID': '22188', 'Size': {'val': 865332, 'unit': 'k'}}, {'Client': 'user', 'Process': 'gnome-shell', 'PID': '2138', 'Size': {'val': 5384, 'unit': 'k'}}, {'Client': 'user', 'Process': 'Xorg', 'PID': '1884', 'Size': {'val': 18140, 'unit': 'k'}}, {'Client': 'user', 'Process': 'nvargus-daemon', 'PID': '1179', 'Size': {'val': 0, 'unit': 'k'}}]]",50.2829692363739
3713692,7512672,k,"{'nblock': 553, 'size': 4, 'unit': 'M'}",888920,"[['Client', 'Process', 'PID', 'Size'], [{'Client': 'user', 'Process': 'python3', 'PID': '23933', 'Size': {'val': 0, 'unit': 'k'}}, {'Client': 'user', 'Process': 'python3', 'PID': '23927', 'Size': {'val': 0, 'unit': 'k'}}, {'Client': 'user', 'Process': 'python3', 'PID': '23921', 'Size': {'val': 0, 'unit': 'k'}}, {'Client': 'user', 'Process': 'python3', 'PID': '23915', 'Size': {'val': 0, 'unit': 'k'}}, {'Client': 'user', 'Process': 'python3', 'PID': '22194', 'Size': {'val': 0, 'unit': 'k'}}, {'Client': 'user', 'Process': 'python3', 'PID': '22188', 'Size': {'val': 865396, 'unit': 'k'}}, {'Client': 'user', 'Process': 'gnome-shell', 'PID': '2138', 'Size': {'val': 5384, 'unit': 'k'}}, {'Client': 'user', 'Process': 'Xorg', 'PID': '1884', 'Size': {'val': 18140, 'unit': 'k'}}, {'Client': 'user', 'Process': 'nvargus-daemon', 'PID': '1179', 'Size': {'val': 0, 'unit': 'k'}}]]",51.44165372848511
3720208,7512672,k,"{'nblock': 552, 'size': 4, 'unit': 'M'}",890968,"[['Client', 'Process', 'PID', 'Size'], [{'Client': 'user', 'Process': 'python3', 'PID': '23933', 'Size': {'val': 0, 'unit': 'k'}}, {'Client': 'user', 'Process': 'python3', 'PID': '23927', 'Size': {'val': 0, 'unit': 'k'}}, {'Client': 'user', 'Process': 'python3', 'PID': '23921', 'Size': {'val': 0, 'unit': 'k'}}, {'Client': 'user', 'Process': 'python3', 'PID': '23915', 'Size': {'val': 0, 'unit': 'k'}}, {'Client': 'user', 'Process': 'python3', 'PID': '22194', 'Size': {'val': 0, 'unit': 'k'}}, {'Client': 'user', 'Process': 'python3', 'PID': '22188', 'Size': {'val': 867444, 'unit': 'k'}}, {'Client': 'user', 'Process': 'gnome-shell', 'PID': '2138', 'Size': {'val': 5384, 'unit': 'k'}}, {'Client': 'user', 'Process': 'Xorg', 'PID': '1884', 'Size': {'val': 18140, 'unit': 'k'}}, {'Client': 'user', 'Process': 'nvargus-daemon', 'PID': '1179', 'Size': {'val': 0, 'unit': 'k'}}]]",52.64950728416443
3720420,7512672,k,"{'nblock': 552, 'size': 4, 'unit': 'M'}",890968,"[['Client', 'Process', 'PID', 'Size'], [{'Client': 'user', 'Process': 'python3', 'PID': '23933', 'Size': {'val': 0, 'unit': 'k'}}, {'Client': 'user', 'Process': 'python3', 'PID': '23927', 'Size': {'val': 0, 'unit': 'k'}}, {'Client': 'user', 'Process': 'python3', 'PID': '23921', 'Size': {'val': 0, 'unit': 'k'}}, {'Client': 'user', 'Process': 'python3', 'PID': '23915', 'Size': {'val': 0, 'unit': 'k'}}, {'Client': 'user', 'Process': 'python3', 'PID': '22194', 'Size': {'val': 0, 'unit': 'k'}}, {'Client': 'user', 'Process': 'python3', 'PID': '22188', 'Size': {'val': 867444, 'unit': 'k'}}, {'Client': 'user', 'Process': 'gnome-shell', 'PID': '2138', 'Size': {'val': 5384, 'unit': 'k'}}, {'Client': 'user', 'Process': 'Xorg', 'PID': '1884', 'Size': {'val': 18140, 'unit': 'k'}}, {'Client': 'user', 'Process': 'nvargus-daemon', 'PID': '1179', 'Size': {'val': 0, 'unit': 'k'}}]]",53.818100690841675
3731448,7512672,k,"{'nblock': 550, 'size': 4, 'unit': 'M'}",895064,"[['Client', 'Process', 'PID', 'Size'], [{'Client': 'user', 'Process': 'python3', 'PID': '23933', 'Size': {'val': 0, 'unit': 'k'}}, {'Client': 'user', 'Process': 'python3', 'PID': '23927', 'Size': {'val': 0, 'unit': 'k'}}, {'Client': 'user', 'Process': 'python3', 'PID': '23921', 'Size': {'val': 0, 'unit': 'k'}}, {'Client': 'user', 'Process': 'python3', 'PID': '23915', 'Size': {'val': 0, 'unit': 'k'}}, {'Client': 'user', 'Process': 'python3', 'PID': '22194', 'Size': {'val': 0, 'unit': 'k'}}, {'Client': 'user', 'Process': 'python3', 'PID': '22188', 'Size': {'val': 871540, 'unit': 'k'}}, {'Client': 'user', 'Process': 'gnome-shell', 'PID': '2138', 'Size': {'val': 5384, 'unit': 'k'}}, {'Client': 'user', 'Process': 'Xorg', 'PID': '1884', 'Size': {'val': 18140, 'unit': 'k'}}, {'Client': 'user', 'Process': 'nvargus-daemon', 'PID': '1179', 'Size': {'val': 0, 'unit': 'k'}}]]",54.982728004455566
3733184,7512672,k,"{'nblock': 550, 'size': 4, 'unit': 'M'}",897112,"[['Client', 'Process', 'PID', 'Size'], [{'Client': 'user', 'Process': 'python3', 'PID': '23933', 'Size': {'val': 0, 'unit': 'k'}}, {'Client': 'user', 'Process': 'python3', 'PID': '23927', 'Size': {'val': 0, 'unit': 'k'}}, {'Client': 'user', 'Process': 'python3', 'PID': '23921', 'Size': {'val': 0, 'unit': 'k'}}, {'Client': 'user', 'Process': 'python3', 'PID': '23915', 'Size': {'val': 0, 'unit': 'k'}}, {'Client': 'user', 'Process': 'python3', 'PID': '22194', 'Size': {'val': 0, 'unit': 'k'}}, {'Client': 'user', 'Process': 'python3', 'PID': '22188', 'Size': {'val': 873588, 'unit': 'k'}}, {'Client': 'user', 'Process': 'gnome-shell', 'PID': '2138', 'Size': {'val': 5384, 'unit': 'k'}}, {'Client': 'user', 'Process': 'Xorg', 'PID': '1884', 'Size': {'val': 18140, 'unit': 'k'}}, {'Client': 'user', 'Process': 'nvargus-daemon', 'PID': '1179', 'Size': {'val': 0, 'unit': 'k'}}]]",56.17922043800354
3739016,7512672,k,"{'nblock': 549, 'size': 4, 'unit': 'M'}",899160,"[['Client', 'Process', 'PID', 'Size'], [{'Client': 'user', 'Process': 'python3', 'PID': '23933', 'Size': {'val': 0, 'unit': 'k'}}, {'Client': 'user', 'Process': 'python3', 'PID': '23927', 'Size': {'val': 0, 'unit': 'k'}}, {'Client': 'user', 'Process': 'python3', 'PID': '23921', 'Size': {'val': 0, 'unit': 'k'}}, {'Client': 'user', 'Process': 'python3', 'PID': '23915', 'Size': {'val': 0, 'unit': 'k'}}, {'Client': 'user', 'Process': 'python3', 'PID': '22194', 'Size': {'val': 0, 'unit': 'k'}}, {'Client': 'user', 'Process': 'python3', 'PID': '22188', 'Size': {'val': 875636, 'unit': 'k'}}, {'Client': 'user', 'Process': 'gnome-shell', 'PID': '2138', 'Size': {'val': 5384, 'unit': 'k'}}, {'Client': 'user', 'Process': 'Xorg', 'PID': '1884', 'Size': {'val': 18140, 'unit': 'k'}}, {'Client': 'user', 'Process': 'nvargus-daemon', 'PID': '1179', 'Size': {'val': 0, 'unit': 'k'}}]]",57.35257959365845
3744164,7512672,k,"{'nblock': 549, 'size': 4, 'unit': 'M'}",901272,"[['Client', 'Process', 'PID', 'Size'], [{'Client': 'user', 'Process': 'python3', 'PID': '23933', 'Size': {'val': 0, 'unit': 'k'}}, {'Client': 'user', 'Process': 'python3', 'PID': '23927', 'Size': {'val': 0, 'unit': 'k'}}, {'Client': 'user', 'Process': 'python3', 'PID': '23921', 'Size': {'val': 0, 'unit': 'k'}}, {'Client': 'user', 'Process': 'python3', 'PID': '23915', 'Size': {'val': 0, 'unit': 'k'}}, {'Client': 'user', 'Process': 'python3', 'PID': '22194', 'Size': {'val': 0, 'unit': 'k'}}, {'Client': 'user', 'Process': 'python3', 'PID': '22188', 'Size': {'val': 877748, 'unit': 'k'}}, {'Client': 'user', 'Process': 'gnome-shell', 'PID': '2138', 'Size': {'val': 5384, 'unit': 'k'}}, {'Client': 'user', 'Process': 'Xorg', 'PID': '1884', 'Size': {'val': 18140, 'unit': 'k'}}, {'Client': 'user', 'Process': 'nvargus-daemon', 'PID': '1179', 'Size': {'val': 0, 'unit': 'k'}}]]",58.526408433914185
3747072,7512672,k,"{'nblock': 548, 'size': 4, 'unit': 'M'}",903320,"[['Client', 'Process', 'PID', 'Size'], [{'Client': 'user', 'Process': 'python3', 'PID': '23933', 'Size': {'val': 0, 'unit': 'k'}}, {'Client': 'user', 'Process': 'python3', 'PID': '23927', 'Size': {'val': 0, 'unit': 'k'}}, {'Client': 'user', 'Process': 'python3', 'PID': '23921', 'Size': {'val': 0, 'unit': 'k'}}, {'Client': 'user', 'Process': 'python3', 'PID': '23915', 'Size': {'val': 0, 'unit': 'k'}}, {'Client': 'user', 'Process': 'python3', 'PID': '22194', 'Size': {'val': 0, 'unit': 'k'}}, {'Client': 'user', 'Process': 'python3', 'PID': '22188', 'Size': {'val': 879796, 'unit': 'k'}}, {'Client': 'user', 'Process': 'gnome-shell', 'PID': '2138', 'Size': {'val': 5384, 'unit': 'k'}}, {'Client': 'user', 'Process': 'Xorg', 'PID': '1884', 'Size': {'val': 18140, 'unit': 'k'}}, {'Client': 'user', 'Process': 'nvargus-daemon', 'PID': '1179', 'Size': {'val': 0, 'unit': 'k'}}]]",59.689032554626465
3773400,7512672,k,"{'nblock': 537, 'size': 4, 'unit': 'M'}",911576,"[['Client', 'Process', 'PID', 'Size'], [{'Client': 'user', 'Process': 'python3', 'PID': '23933', 'Size': {'val': 0, 'unit': 'k'}}, {'Client': 'user', 'Process': 'python3', 'PID': '23927', 'Size': {'val': 0, 'unit': 'k'}}, {'Client': 'user', 'Process': 'python3', 'PID': '23921', 'Size': {'val': 0, 'unit': 'k'}}, {'Client': 'user', 'Process': 'python3', 'PID': '23915', 'Size': {'val': 0, 'unit': 'k'}}, {'Client': 'user', 'Process': 'python3', 'PID': '22194', 'Size': {'val': 0, 'unit': 'k'}}, {'Client': 'user', 'Process': 'python3', 'PID': '22188', 'Size': {'val': 888052, 'unit': 'k'}}, {'Client': 'user', 'Process': 'gnome-shell', 'PID': '2138', 'Size': {'val': 5384, 'unit': 'k'}}, {'Client': 'user', 'Process': 'Xorg', 'PID': '1884', 'Size': {'val': 18140, 'unit': 'k'}}, {'Client': 'user', 'Process': 'nvargus-daemon', 'PID': '1179', 'Size': {'val': 0, 'unit': 'k'}}]]",60.886404037475586
3779252,7512672,k,"{'nblock': 530, 'size': 4, 'unit': 'M'}",914392,"[['Client', 'Process', 'PID', 'Size'], [{'Client': 'user', 'Process': 'python3', 'PID': '23933', 'Size': {'val': 0, 'unit': 'k'}}, {'Client': 'user', 'Process': 'python3', 'PID': '23927', 'Size': {'val': 0, 'unit': 'k'}}, {'Client': 'user', 'Process': 'python3', 'PID': '23921', 'Size': {'val': 0, 'unit': 'k'}}, {'Client': 'user', 'Process': 'python3', 'PID': '23915', 'Size': {'val': 0, 'unit': 'k'}}, {'Client': 'user', 'Process': 'python3', 'PID': '22194', 'Size': {'val': 0, 'unit': 'k'}}, {'Client': 'user', 'Process': 'python3', 'PID': '22188', 'Size': {'val': 890868, 'unit': 'k'}}, {'Client': 'user', 'Process': 'gnome-shell', 'PID': '2138', 'Size': {'val': 5384, 'unit': 'k'}}, {'Client': 'user', 'Process': 'Xorg', 'PID': '1884', 'Size': {'val': 18140, 'unit': 'k'}}, {'Client': 'user', 'Process': 'nvargus-daemon', 'PID': '1179', 'Size': {'val': 0, 'unit': 'k'}}]]",62.06789445877075
3791612,7512672,k,"{'nblock': 524, 'size': 4, 'unit': 'M'}",920664,"[['Client', 'Process', 'PID', 'Size'], [{'Client': 'user', 'Process': 'python3', 'PID': '23933', 'Size': {'val': 0, 'unit': 'k'}}, {'Client': 'user', 'Process': 'python3', 'PID': '23927', 'Size': {'val': 0, 'unit': 'k'}}, {'Client': 'user', 'Process': 'python3', 'PID': '23921', 'Size': {'val': 0, 'unit': 'k'}}, {'Client': 'user', 'Process': 'python3', 'PID': '23915', 'Size': {'val': 0, 'unit': 'k'}}, {'Client': 'user', 'Process': 'python3', 'PID': '22194', 'Size': {'val': 0, 'unit': 'k'}}, {'Client': 'user', 'Process': 'python3', 'PID': '22188', 'Size': {'val': 897140, 'unit': 'k'}}, {'Client': 'user', 'Process': 'gnome-shell', 'PID': '2138', 'Size': {'val': 5384, 'unit': 'k'}}, {'Client': 'user', 'Process': 'Xorg', 'PID': '1884', 'Size': {'val': 18140, 'unit': 'k'}}, {'Client': 'user', 'Process': 'nvargus-daemon', 'PID': '1179', 'Size': {'val': 0, 'unit': 'k'}}]]",63.242170572280884
3804868,7512672,k,"{'nblock': 518, 'size': 4, 'unit': 'M'}",924760,"[['Client', 'Process', 'PID', 'Size'], [{'Client': 'user', 'Process': 'python3', 'PID': '23933', 'Size': {'val': 0, 'unit': 'k'}}, {'Client': 'user', 'Process': 'python3', 'PID': '23927', 'Size': {'val': 0, 'unit': 'k'}}, {'Client': 'user', 'Process': 'python3', 'PID': '23921', 'Size': {'val': 0, 'unit': 'k'}}, {'Client': 'user', 'Process': 'python3', 'PID': '23915', 'Size': {'val': 0, 'unit': 'k'}}, {'Client': 'user', 'Process': 'python3', 'PID': '22194', 'Size': {'val': 0, 'unit': 'k'}}, {'Client': 'user', 'Process': 'python3', 'PID': '22188', 'Size': {'val': 901236, 'unit': 'k'}}, {'Client': 'user', 'Process': 'gnome-shell', 'PID': '2138', 'Size': {'val': 5384, 'unit': 'k'}}, {'Client': 'user', 'Process': 'Xorg', 'PID': '1884', 'Size': {'val': 18140, 'unit': 'k'}}, {'Client': 'user', 'Process': 'nvargus-daemon', 'PID': '1179', 'Size': {'val': 0, 'unit': 'k'}}]]",64.43612670898438
3835232,7512672,k,"{'nblock': 504, 'size': 4, 'unit': 'M'}",937112,"[['Client', 'Process', 'PID', 'Size'], [{'Client': 'user', 'Process': 'python3', 'PID': '23933', 'Size': {'val': 0, 'unit': 'k'}}, {'Client': 'user', 'Process': 'python3', 'PID': '23927', 'Size': {'val': 0, 'unit': 'k'}}, {'Client': 'user', 'Process': 'python3', 'PID': '23921', 'Size': {'val': 0, 'unit': 'k'}}, {'Client': 'user', 'Process': 'python3', 'PID': '23915', 'Size': {'val': 0, 'unit': 'k'}}, {'Client': 'user', 'Process': 'python3', 'PID': '22194', 'Size': {'val': 0, 'unit': 'k'}}, {'Client': 'user', 'Process': 'python3', 'PID': '22188', 'Size': {'val': 913588, 'unit': 'k'}}, {'Client': 'user', 'Process': 'gnome-shell', 'PID': '2138', 'Size': {'val': 5384, 'unit': 'k'}}, {'Client': 'user', 'Process': 'Xorg', 'PID': '1884', 'Size': {'val': 18140, 'unit': 'k'}}, {'Client': 'user', 'Process': 'nvargus-daemon', 'PID': '1179', 'Size': {'val': 0, 'unit': 'k'}}]]",65.6075005531311
3850032,7512672,k,"{'nblock': 495, 'size': 4, 'unit': 'M'}",943320,"[['Client', 'Process', 'PID', 'Size'], [{'Client': 'user', 'Process': 'python3', 'PID': '23933', 'Size': {'val': 0, 'unit': 'k'}}, {'Client': 'user', 'Process': 'python3', 'PID': '23927', 'Size': {'val': 0, 'unit': 'k'}}, {'Client': 'user', 'Process': 'python3', 'PID': '23921', 'Size': {'val': 0, 'unit': 'k'}}, {'Client': 'user', 'Process': 'python3', 'PID': '23915', 'Size': {'val': 0, 'unit': 'k'}}, {'Client': 'user', 'Process': 'python3', 'PID': '22194', 'Size': {'val': 0, 'unit': 'k'}}, {'Client': 'user', 'Process': 'python3', 'PID': '22188', 'Size': {'val': 919796, 'unit': 'k'}}, {'Client': 'user', 'Process': 'gnome-shell', 'PID': '2138', 'Size': {'val': 5384, 'unit': 'k'}}, {'Client': 'user', 'Process': 'Xorg', 'PID': '1884', 'Size': {'val': 18140, 'unit': 'k'}}, {'Client': 'user', 'Process': 'nvargus-daemon', 'PID': '1179', 'Size': {'val': 0, 'unit': 'k'}}]]",66.76556324958801
3917792,7512672,k,"{'nblock': 474, 'size': 4, 'unit': 'M'}",965912,"[['Client', 'Process', 'PID', 'Size'], [{'Client': 'user', 'Process': 'python3', 'PID': '23933', 'Size': {'val': 0, 'unit': 'k'}}, {'Client': 'user', 'Process': 'python3', 'PID': '23927', 'Size': {'val': 0, 'unit': 'k'}}, {'Client': 'user', 'Process': 'python3', 'PID': '23921', 'Size': {'val': 0, 'unit': 'k'}}, {'Client': 'user', 'Process': 'python3', 'PID': '23915', 'Size': {'val': 0, 'unit': 'k'}}, {'Client': 'user', 'Process': 'python3', 'PID': '22194', 'Size': {'val': 0, 'unit': 'k'}}, {'Client': 'user', 'Process': 'python3', 'PID': '22188', 'Size': {'val': 942388, 'unit': 'k'}}, {'Client': 'user', 'Process': 'gnome-shell', 'PID': '2138', 'Size': {'val': 5384, 'unit': 'k'}}, {'Client': 'user', 'Process': 'Xorg', 'PID': '1884', 'Size': {'val': 18140, 'unit': 'k'}}, {'Client': 'user', 'Process': 'nvargus-daemon', 'PID': '1179', 'Size': {'val': 0, 'unit': 'k'}}]]",67.9389238357544
3926236,7512672,k,"{'nblock': 468, 'size': 4, 'unit': 'M'}",974168,"[['Client', 'Process', 'PID', 'Size'], [{'Client': 'user', 'Process': 'python3', 'PID': '23933', 'Size': {'val': 0, 'unit': 'k'}}, {'Client': 'user', 'Process': 'python3', 'PID': '23927', 'Size': {'val': 0, 'unit': 'k'}}, {'Client': 'user', 'Process': 'python3', 'PID': '23921', 'Size': {'val': 0, 'unit': 'k'}}, {'Client': 'user', 'Process': 'python3', 'PID': '23915', 'Size': {'val': 0, 'unit': 'k'}}, {'Client': 'user', 'Process': 'python3', 'PID': '22194', 'Size': {'val': 0, 'unit': 'k'}}, {'Client': 'user', 'Process': 'python3', 'PID': '22188', 'Size': {'val': 950644, 'unit': 'k'}}, {'Client': 'user', 'Process': 'gnome-shell', 'PID': '2138', 'Size': {'val': 5384, 'unit': 'k'}}, {'Client': 'user', 'Process': 'Xorg', 'PID': '1884', 'Size': {'val': 18140, 'unit': 'k'}}, {'Client': 'user', 'Process': 'nvargus-daemon', 'PID': '1179', 'Size': {'val': 0, 'unit': 'k'}}]]",69.15290951728821
3948356,7512672,k,"{'nblock': 460, 'size': 4, 'unit': 'M'}",986648,"[['Client', 'Process', 'PID', 'Size'], [{'Client': 'user', 'Process': 'python3', 'PID': '23933', 'Size': {'val': 0, 'unit': 'k'}}, {'Client': 'user', 'Process': 'python3', 'PID': '23927', 'Size': {'val': 0, 'unit': 'k'}}, {'Client': 'user', 'Process': 'python3', 'PID': '23921', 'Size': {'val': 0, 'unit': 'k'}}, {'Client': 'user', 'Process': 'python3', 'PID': '23915', 'Size': {'val': 0, 'unit': 'k'}}, {'Client': 'user', 'Process': 'python3', 'PID': '22194', 'Size': {'val': 0, 'unit': 'k'}}, {'Client': 'user', 'Process': 'python3', 'PID': '22188', 'Size': {'val': 963124, 'unit': 'k'}}, {'Client': 'user', 'Process': 'gnome-shell', 'PID': '2138', 'Size': {'val': 5384, 'unit': 'k'}}, {'Client': 'user', 'Process': 'Xorg', 'PID': '1884', 'Size': {'val': 18140, 'unit': 'k'}}, {'Client': 'user', 'Process': 'nvargus-daemon', 'PID': '1179', 'Size': {'val': 0, 'unit': 'k'}}]]",70.35728740692139
4013604,7512672,k,"{'nblock': 440, 'size': 4, 'unit': 'M'}",1009304,"[['Client', 'Process', 'PID', 'Size'], [{'Client': 'user', 'Process': 'python3', 'PID': '23933', 'Size': {'val': 0, 'unit': 'k'}}, {'Client': 'user', 'Process': 'python3', 'PID': '23927', 'Size': {'val': 0, 'unit': 'k'}}, {'Client': 'user', 'Process': 'python3', 'PID': '23921', 'Size': {'val': 0, 'unit': 'k'}}, {'Client': 'user', 'Process': 'python3', 'PID': '23915', 'Size': {'val': 0, 'unit': 'k'}}, {'Client': 'user', 'Process': 'python3', 'PID': '22194', 'Size': {'val': 0, 'unit': 'k'}}, {'Client': 'user', 'Process': 'python3', 'PID': '22188', 'Size': {'val': 985780, 'unit': 'k'}}, {'Client': 'user', 'Process': 'gnome-shell', 'PID': '2138', 'Size': {'val': 5384, 'unit': 'k'}}, {'Client': 'user', 'Process': 'Xorg', 'PID': '1884', 'Size': {'val': 18140, 'unit': 'k'}}, {'Client': 'user', 'Process': 'nvargus-daemon', 'PID': '1179', 'Size': {'val': 0, 'unit': 'k'}}]]",71.55357074737549
4054044,7512672,k,"{'nblock': 436, 'size': 4, 'unit': 'M'}",1025880,"[['Client', 'Process', 'PID', 'Size'], [{'Client': 'user', 'Process': 'python3', 'PID': '23933', 'Size': {'val': 0, 'unit': 'k'}}, {'Client': 'user', 'Process': 'python3', 'PID': '23927', 'Size': {'val': 0, 'unit': 'k'}}, {'Client': 'user', 'Process': 'python3', 'PID': '23921', 'Size': {'val': 0, 'unit': 'k'}}, {'Client': 'user', 'Process': 'python3', 'PID': '23915', 'Size': {'val': 0, 'unit': 'k'}}, {'Client': 'user', 'Process': 'python3', 'PID': '22194', 'Size': {'val': 0, 'unit': 'k'}}, {'Client': 'user', 'Process': 'python3', 'PID': '22188', 'Size': {'val': 1002356, 'unit': 'k'}}, {'Client': 'user', 'Process': 'gnome-shell', 'PID': '2138', 'Size': {'val': 5384, 'unit': 'k'}}, {'Client': 'user', 'Process': 'Xorg', 'PID': '1884', 'Size': {'val': 18140, 'unit': 'k'}}, {'Client': 'user', 'Process': 'nvargus-daemon', 'PID': '1179', 'Size': {'val': 0, 'unit': 'k'}}]]",72.79822611808777
4098848,7512672,k,"{'nblock': 432, 'size': 4, 'unit': 'M'}",1042456,"[['Client', 'Process', 'PID', 'Size'], [{'Client': 'user', 'Process': 'python3', 'PID': '23933', 'Size': {'val': 0, 'unit': 'k'}}, {'Client': 'user', 'Process': 'python3', 'PID': '23927', 'Size': {'val': 0, 'unit': 'k'}}, {'Client': 'user', 'Process': 'python3', 'PID': '23921', 'Size': {'val': 0, 'unit': 'k'}}, {'Client': 'user', 'Process': 'python3', 'PID': '23915', 'Size': {'val': 0, 'unit': 'k'}}, {'Client': 'user', 'Process': 'python3', 'PID': '22194', 'Size': {'val': 0, 'unit': 'k'}}, {'Client': 'user', 'Process': 'python3', 'PID': '22188', 'Size': {'val': 1018932, 'unit': 'k'}}, {'Client': 'user', 'Process': 'gnome-shell', 'PID': '2138', 'Size': {'val': 5384, 'unit': 'k'}}, {'Client': 'user', 'Process': 'Xorg', 'PID': '1884', 'Size': {'val': 18140, 'unit': 'k'}}, {'Client': 'user', 'Process': 'nvargus-daemon', 'PID': '1179', 'Size': {'val': 0, 'unit': 'k'}}]]",73.97042560577393
4118340,7512672,k,"{'nblock': 430, 'size': 4, 'unit': 'M'}",1050776,"[['Client', 'Process', 'PID', 'Size'], [{'Client': 'user', 'Process': 'python3', 'PID': '23933', 'Size': {'val': 0, 'unit': 'k'}}, {'Client': 'user', 'Process': 'python3', 'PID': '23927', 'Size': {'val': 0, 'unit': 'k'}}, {'Client': 'user', 'Process': 'python3', 'PID': '23921', 'Size': {'val': 0, 'unit': 'k'}}, {'Client': 'user', 'Process': 'python3', 'PID': '23915', 'Size': {'val': 0, 'unit': 'k'}}, {'Client': 'user', 'Process': 'python3', 'PID': '22194', 'Size': {'val': 0, 'unit': 'k'}}, {'Client': 'user', 'Process': 'python3', 'PID': '22188', 'Size': {'val': 1027252, 'unit': 'k'}}, {'Client': 'user', 'Process': 'gnome-shell', 'PID': '2138', 'Size': {'val': 5384, 'unit': 'k'}}, {'Client': 'user', 'Process': 'Xorg', 'PID': '1884', 'Size': {'val': 18140, 'unit': 'k'}}, {'Client': 'user', 'Process': 'nvargus-daemon', 'PID': '1179', 'Size': {'val': 0, 'unit': 'k'}}]]",75.152348279953
4168496,7512672,k,"{'nblock': 414, 'size': 4, 'unit': 'M'}",1069464,"[['Client', 'Process', 'PID', 'Size'], [{'Client': 'user', 'Process': 'python3', 'PID': '23933', 'Size': {'val': 0, 'unit': 'k'}}, {'Client': 'user', 'Process': 'python3', 'PID': '23927', 'Size': {'val': 0, 'unit': 'k'}}, {'Client': 'user', 'Process': 'python3', 'PID': '23921', 'Size': {'val': 0, 'unit': 'k'}}, {'Client': 'user', 'Process': 'python3', 'PID': '23915', 'Size': {'val': 0, 'unit': 'k'}}, {'Client': 'user', 'Process': 'python3', 'PID': '22194', 'Size': {'val': 0, 'unit': 'k'}}, {'Client': 'user', 'Process': 'python3', 'PID': '22188', 'Size': {'val': 1045940, 'unit': 'k'}}, {'Client': 'user', 'Process': 'gnome-shell', 'PID': '2138', 'Size': {'val': 5384, 'unit': 'k'}}, {'Client': 'user', 'Process': 'Xorg', 'PID': '1884', 'Size': {'val': 18140, 'unit': 'k'}}, {'Client': 'user', 'Process': 'nvargus-daemon', 'PID': '1179', 'Size': {'val': 0, 'unit': 'k'}}]]",76.36670279502869
4183468,7512672,k,"{'nblock': 407, 'size': 4, 'unit': 'M'}",1075672,"[['Client', 'Process', 'PID', 'Size'], [{'Client': 'user', 'Process': 'python3', 'PID': '23933', 'Size': {'val': 0, 'unit': 'k'}}, {'Client': 'user', 'Process': 'python3', 'PID': '23927', 'Size': {'val': 0, 'unit': 'k'}}, {'Client': 'user', 'Process': 'python3', 'PID': '23921', 'Size': {'val': 0, 'unit': 'k'}}, {'Client': 'user', 'Process': 'python3', 'PID': '23915', 'Size': {'val': 0, 'unit': 'k'}}, {'Client': 'user', 'Process': 'python3', 'PID': '22194', 'Size': {'val': 0, 'unit': 'k'}}, {'Client': 'user', 'Process': 'python3', 'PID': '22188', 'Size': {'val': 1052148, 'unit': 'k'}}, {'Client': 'user', 'Process': 'gnome-shell', 'PID': '2138', 'Size': {'val': 5384, 'unit': 'k'}}, {'Client': 'user', 'Process': 'Xorg', 'PID': '1884', 'Size': {'val': 18140, 'unit': 'k'}}, {'Client': 'user', 'Process': 'nvargus-daemon', 'PID': '1179', 'Size': {'val': 0, 'unit': 'k'}}]]",77.58691644668579
4277828,7512672,k,"{'nblock': 379, 'size': 4, 'unit': 'M'}",1118744,"[['Client', 'Process', 'PID', 'Size'], [{'Client': 'user', 'Process': 'python3', 'PID': '23933', 'Size': {'val': 0, 'unit': 'k'}}, {'Client': 'user', 'Process': 'python3', 'PID': '23927', 'Size': {'val': 0, 'unit': 'k'}}, {'Client': 'user', 'Process': 'python3', 'PID': '23921', 'Size': {'val': 0, 'unit': 'k'}}, {'Client': 'user', 'Process': 'python3', 'PID': '23915', 'Size': {'val': 0, 'unit': 'k'}}, {'Client': 'user', 'Process': 'python3', 'PID': '22194', 'Size': {'val': 0, 'unit': 'k'}}, {'Client': 'user', 'Process': 'python3', 'PID': '22188', 'Size': {'val': 1095220, 'unit': 'k'}}, {'Client': 'user', 'Process': 'gnome-shell', 'PID': '2138', 'Size': {'val': 5384, 'unit': 'k'}}, {'Client': 'user', 'Process': 'Xorg', 'PID': '1884', 'Size': {'val': 18140, 'unit': 'k'}}, {'Client': 'user', 'Process': 'nvargus-daemon', 'PID': '1179', 'Size': {'val': 0, 'unit': 'k'}}]]",78.75735545158386
4282916,7512672,k,"{'nblock': 374, 'size': 4, 'unit': 'M'}",1124888,"[['Client', 'Process', 'PID', 'Size'], [{'Client': 'user', 'Process': 'python3', 'PID': '23933', 'Size': {'val': 0, 'unit': 'k'}}, {'Client': 'user', 'Process': 'python3', 'PID': '23927', 'Size': {'val': 0, 'unit': 'k'}}, {'Client': 'user', 'Process': 'python3', 'PID': '23921', 'Size': {'val': 0, 'unit': 'k'}}, {'Client': 'user', 'Process': 'python3', 'PID': '23915', 'Size': {'val': 0, 'unit': 'k'}}, {'Client': 'user', 'Process': 'python3', 'PID': '22194', 'Size': {'val': 0, 'unit': 'k'}}, {'Client': 'user', 'Process': 'python3', 'PID': '22188', 'Size': {'val': 1101364, 'unit': 'k'}}, {'Client': 'user', 'Process': 'gnome-shell', 'PID': '2138', 'Size': {'val': 5384, 'unit': 'k'}}, {'Client': 'user', 'Process': 'Xorg', 'PID': '1884', 'Size': {'val': 18140, 'unit': 'k'}}, {'Client': 'user', 'Process': 'nvargus-daemon', 'PID': '1179', 'Size': {'val': 0, 'unit': 'k'}}]]",80.04490876197815
4304844,7512672,k,"{'nblock': 363, 'size': 4, 'unit': 'M'}",1133344,"[['Client', 'Process', 'PID', 'Size'], [{'Client': 'user', 'Process': 'python3', 'PID': '23933', 'Size': {'val': 0, 'unit': 'k'}}, {'Client': 'user', 'Process': 'python3', 'PID': '23927', 'Size': {'val': 0, 'unit': 'k'}}, {'Client': 'user', 'Process': 'python3', 'PID': '23921', 'Size': {'val': 0, 'unit': 'k'}}, {'Client': 'user', 'Process': 'python3', 'PID': '23915', 'Size': {'val': 0, 'unit': 'k'}}, {'Client': 'user', 'Process': 'python3', 'PID': '22194', 'Size': {'val': 0, 'unit': 'k'}}, {'Client': 'user', 'Process': 'python3', 'PID': '22188', 'Size': {'val': 1109820, 'unit': 'k'}}, {'Client': 'user', 'Process': 'gnome-shell', 'PID': '2138', 'Size': {'val': 5384, 'unit': 'k'}}, {'Client': 'user', 'Process': 'Xorg', 'PID': '1884', 'Size': {'val': 18140, 'unit': 'k'}}, {'Client': 'user', 'Process': 'nvargus-daemon', 'PID': '1179', 'Size': {'val': 0, 'unit': 'k'}}]]",81.22784066200256
4305892,7512672,k,"{'nblock': 360, 'size': 4, 'unit': 'M'}",1133344,"[['Client', 'Process', 'PID', 'Size'], [{'Client': 'user', 'Process': 'python3', 'PID': '23933', 'Size': {'val': 0, 'unit': 'k'}}, {'Client': 'user', 'Process': 'python3', 'PID': '23927', 'Size': {'val': 0, 'unit': 'k'}}, {'Client': 'user', 'Process': 'python3', 'PID': '23921', 'Size': {'val': 0, 'unit': 'k'}}, {'Client': 'user', 'Process': 'python3', 'PID': '23915', 'Size': {'val': 0, 'unit': 'k'}}, {'Client': 'user', 'Process': 'python3', 'PID': '22194', 'Size': {'val': 0, 'unit': 'k'}}, {'Client': 'user', 'Process': 'python3', 'PID': '22188', 'Size': {'val': 1109820, 'unit': 'k'}}, {'Client': 'user', 'Process': 'gnome-shell', 'PID': '2138', 'Size': {'val': 5384, 'unit': 'k'}}, {'Client': 'user', 'Process': 'Xorg', 'PID': '1884', 'Size': {'val': 18140, 'unit': 'k'}}, {'Client': 'user', 'Process': 'nvargus-daemon', 'PID': '1179', 'Size': {'val': 0, 'unit': 'k'}}]]",82.4001076221466
4326036,7512672,k,"{'nblock': 353, 'size': 4, 'unit': 'M'}",1141536,"[['Client', 'Process', 'PID', 'Size'], [{'Client': 'user', 'Process': 'python3', 'PID': '23933', 'Size': {'val': 0, 'unit': 'k'}}, {'Client': 'user', 'Process': 'python3', 'PID': '23927', 'Size': {'val': 0, 'unit': 'k'}}, {'Client': 'user', 'Process': 'python3', 'PID': '23921', 'Size': {'val': 0, 'unit': 'k'}}, {'Client': 'user', 'Process': 'python3', 'PID': '23915', 'Size': {'val': 0, 'unit': 'k'}}, {'Client': 'user', 'Process': 'python3', 'PID': '22194', 'Size': {'val': 0, 'unit': 'k'}}, {'Client': 'user', 'Process': 'python3', 'PID': '22188', 'Size': {'val': 1118012, 'unit': 'k'}}, {'Client': 'user', 'Process': 'gnome-shell', 'PID': '2138', 'Size': {'val': 5384, 'unit': 'k'}}, {'Client': 'user', 'Process': 'Xorg', 'PID': '1884', 'Size': {'val': 18140, 'unit': 'k'}}, {'Client': 'user', 'Process': 'nvargus-daemon', 'PID': '1179', 'Size': {'val': 0, 'unit': 'k'}}]]",83.55936670303345
4530480,7512672,k,"{'nblock': 310, 'size': 4, 'unit': 'M'}",1340192,"[['Client', 'Process', 'PID', 'Size'], [{'Client': 'user', 'Process': 'python3', 'PID': '23933', 'Size': {'val': 0, 'unit': 'k'}}, {'Client': 'user', 'Process': 'python3', 'PID': '23927', 'Size': {'val': 0, 'unit': 'k'}}, {'Client': 'user', 'Process': 'python3', 'PID': '23921', 'Size': {'val': 0, 'unit': 'k'}}, {'Client': 'user', 'Process': 'python3', 'PID': '23915', 'Size': {'val': 0, 'unit': 'k'}}, {'Client': 'user', 'Process': 'python3', 'PID': '22194', 'Size': {'val': 0, 'unit': 'k'}}, {'Client': 'user', 'Process': 'python3', 'PID': '22188', 'Size': {'val': 1316668, 'unit': 'k'}}, {'Client': 'user', 'Process': 'gnome-shell', 'PID': '2138', 'Size': {'val': 5384, 'unit': 'k'}}, {'Client': 'user', 'Process': 'Xorg', 'PID': '1884', 'Size': {'val': 18140, 'unit': 'k'}}, {'Client': 'user', 'Process': 'nvargus-daemon', 'PID': '1179', 'Size': {'val': 0, 'unit': 'k'}}]]",84.76760816574097
4883940,7512672,k,"{'nblock': 224, 'size': 4, 'unit': 'M'}",1690400,"[['Client', 'Process', 'PID', 'Size'], [{'Client': 'user', 'Process': 'python3', 'PID': '23933', 'Size': {'val': 0, 'unit': 'k'}}, {'Client': 'user', 'Process': 'python3', 'PID': '23927', 'Size': {'val': 0, 'unit': 'k'}}, {'Client': 'user', 'Process': 'python3', 'PID': '23921', 'Size': {'val': 0, 'unit': 'k'}}, {'Client': 'user', 'Process': 'python3', 'PID': '23915', 'Size': {'val': 0, 'unit': 'k'}}, {'Client': 'user', 'Process': 'python3', 'PID': '22194', 'Size': {'val': 0, 'unit': 'k'}}, {'Client': 'user', 'Process': 'python3', 'PID': '22188', 'Size': {'val': 1666876, 'unit': 'k'}}, {'Client': 'user', 'Process': 'gnome-shell', 'PID': '2138', 'Size': {'val': 5384, 'unit': 'k'}}, {'Client': 'user', 'Process': 'Xorg', 'PID': '1884', 'Size': {'val': 18140, 'unit': 'k'}}, {'Client': 'user', 'Process': 'nvargus-daemon', 'PID': '1179', 'Size': {'val': 0, 'unit': 'k'}}]]",85.95651865005493
5438768,7512672,k,"{'nblock': 90, 'size': 4, 'unit': 'M'}",2239264,"[['Client', 'Process', 'PID', 'Size'], [{'Client': 'user', 'Process': 'python3', 'PID': '23933', 'Size': {'val': 0, 'unit': 'k'}}, {'Client': 'user', 'Process': 'python3', 'PID': '23927', 'Size': {'val': 0, 'unit': 'k'}}, {'Client': 'user', 'Process': 'python3', 'PID': '23921', 'Size': {'val': 0, 'unit': 'k'}}, {'Client': 'user', 'Process': 'python3', 'PID': '23915', 'Size': {'val': 0, 'unit': 'k'}}, {'Client': 'user', 'Process': 'python3', 'PID': '22194', 'Size': {'val': 0, 'unit': 'k'}}, {'Client': 'user', 'Process': 'python3', 'PID': '22188', 'Size': {'val': 2215740, 'unit': 'k'}}, {'Client': 'user', 'Process': 'gnome-shell', 'PID': '2138', 'Size': {'val': 5384, 'unit': 'k'}}, {'Client': 'user', 'Process': 'Xorg', 'PID': '1884', 'Size': {'val': 18140, 'unit': 'k'}}, {'Client': 'user', 'Process': 'nvargus-daemon', 'PID': '1179', 'Size': {'val': 0, 'unit': 'k'}}]]",87.12367558479309
5436904,7512672,k,"{'nblock': 90, 'size': 4, 'unit': 'M'}",2239264,"[['Client', 'Process', 'PID', 'Size'], [{'Client': 'user', 'Process': 'python3', 'PID': '23933', 'Size': {'val': 0, 'unit': 'k'}}, {'Client': 'user', 'Process': 'python3', 'PID': '23927', 'Size': {'val': 0, 'unit': 'k'}}, {'Client': 'user', 'Process': 'python3', 'PID': '23921', 'Size': {'val': 0, 'unit': 'k'}}, {'Client': 'user', 'Process': 'python3', 'PID': '23915', 'Size': {'val': 0, 'unit': 'k'}}, {'Client': 'user', 'Process': 'python3', 'PID': '22194', 'Size': {'val': 0, 'unit': 'k'}}, {'Client': 'user', 'Process': 'python3', 'PID': '22188', 'Size': {'val': 2215740, 'unit': 'k'}}, {'Client': 'user', 'Process': 'gnome-shell', 'PID': '2138', 'Size': {'val': 5384, 'unit': 'k'}}, {'Client': 'user', 'Process': 'Xorg', 'PID': '1884', 'Size': {'val': 18140, 'unit': 'k'}}, {'Client': 'user', 'Process': 'nvargus-daemon', 'PID': '1179', 'Size': {'val': 0, 'unit': 'k'}}]]",88.4098858833313
5454700,7512672,k,"{'nblock': 87, 'size': 4, 'unit': 'M'}",2251552,"[['Client', 'Process', 'PID', 'Size'], [{'Client': 'user', 'Process': 'python3', 'PID': '23933', 'Size': {'val': 0, 'unit': 'k'}}, {'Client': 'user', 'Process': 'python3', 'PID': '23927', 'Size': {'val': 0, 'unit': 'k'}}, {'Client': 'user', 'Process': 'python3', 'PID': '23921', 'Size': {'val': 0, 'unit': 'k'}}, {'Client': 'user', 'Process': 'python3', 'PID': '23915', 'Size': {'val': 0, 'unit': 'k'}}, {'Client': 'user', 'Process': 'python3', 'PID': '22194', 'Size': {'val': 0, 'unit': 'k'}}, {'Client': 'user', 'Process': 'python3', 'PID': '22188', 'Size': {'val': 2228028, 'unit': 'k'}}, {'Client': 'user', 'Process': 'gnome-shell', 'PID': '2138', 'Size': {'val': 5384, 'unit': 'k'}}, {'Client': 'user', 'Process': 'Xorg', 'PID': '1884', 'Size': {'val': 18140, 'unit': 'k'}}, {'Client': 'user', 'Process': 'nvargus-daemon', 'PID': '1179', 'Size': {'val': 0, 'unit': 'k'}}]]",89.58233547210693
5468540,7512672,k,"{'nblock': 85, 'size': 4, 'unit': 'M'}",2257696,"[['Client', 'Process', 'PID', 'Size'], [{'Client': 'user', 'Process': 'python3', 'PID': '23933', 'Size': {'val': 0, 'unit': 'k'}}, {'Client': 'user', 'Process': 'python3', 'PID': '23927', 'Size': {'val': 0, 'unit': 'k'}}, {'Client': 'user', 'Process': 'python3', 'PID': '23921', 'Size': {'val': 0, 'unit': 'k'}}, {'Client': 'user', 'Process': 'python3', 'PID': '23915', 'Size': {'val': 0, 'unit': 'k'}}, {'Client': 'user', 'Process': 'python3', 'PID': '22194', 'Size': {'val': 0, 'unit': 'k'}}, {'Client': 'user', 'Process': 'python3', 'PID': '22188', 'Size': {'val': 2234172, 'unit': 'k'}}, {'Client': 'user', 'Process': 'gnome-shell', 'PID': '2138', 'Size': {'val': 5384, 'unit': 'k'}}, {'Client': 'user', 'Process': 'Xorg', 'PID': '1884', 'Size': {'val': 18140, 'unit': 'k'}}, {'Client': 'user', 'Process': 'nvargus-daemon', 'PID': '1179', 'Size': {'val': 0, 'unit': 'k'}}]]",90.75029158592224
5488420,7512672,k,"{'nblock': 81, 'size': 4, 'unit': 'M'}",2265888,"[['Client', 'Process', 'PID', 'Size'], [{'Client': 'user', 'Process': 'python3', 'PID': '23933', 'Size': {'val': 0, 'unit': 'k'}}, {'Client': 'user', 'Process': 'python3', 'PID': '23927', 'Size': {'val': 0, 'unit': 'k'}}, {'Client': 'user', 'Process': 'python3', 'PID': '23921', 'Size': {'val': 0, 'unit': 'k'}}, {'Client': 'user', 'Process': 'python3', 'PID': '23915', 'Size': {'val': 0, 'unit': 'k'}}, {'Client': 'user', 'Process': 'python3', 'PID': '22194', 'Size': {'val': 0, 'unit': 'k'}}, {'Client': 'user', 'Process': 'python3', 'PID': '22188', 'Size': {'val': 2242364, 'unit': 'k'}}, {'Client': 'user', 'Process': 'gnome-shell', 'PID': '2138', 'Size': {'val': 5384, 'unit': 'k'}}, {'Client': 'user', 'Process': 'Xorg', 'PID': '1884', 'Size': {'val': 18140, 'unit': 'k'}}, {'Client': 'user', 'Process': 'nvargus-daemon', 'PID': '1179', 'Size': {'val': 0, 'unit': 'k'}}]]",91.94574069976807
5538628,7512672,k,"{'nblock': 64, 'size': 4, 'unit': 'M'}",2284320,"[['Client', 'Process', 'PID', 'Size'], [{'Client': 'user', 'Process': 'python3', 'PID': '23933', 'Size': {'val': 0, 'unit': 'k'}}, {'Client': 'user', 'Process': 'python3', 'PID': '23927', 'Size': {'val': 0, 'unit': 'k'}}, {'Client': 'user', 'Process': 'python3', 'PID': '23921', 'Size': {'val': 0, 'unit': 'k'}}, {'Client': 'user', 'Process': 'python3', 'PID': '23915', 'Size': {'val': 0, 'unit': 'k'}}, {'Client': 'user', 'Process': 'python3', 'PID': '22194', 'Size': {'val': 0, 'unit': 'k'}}, {'Client': 'user', 'Process': 'python3', 'PID': '22188', 'Size': {'val': 2260796, 'unit': 'k'}}, {'Client': 'user', 'Process': 'gnome-shell', 'PID': '2138', 'Size': {'val': 5384, 'unit': 'k'}}, {'Client': 'user', 'Process': 'Xorg', 'PID': '1884', 'Size': {'val': 18140, 'unit': 'k'}}, {'Client': 'user', 'Process': 'nvargus-daemon', 'PID': '1179', 'Size': {'val': 0, 'unit': 'k'}}]]",93.15583157539368
5571916,7512672,k,"{'nblock': 52, 'size': 4, 'unit': 'M'}",2302752,"[['Client', 'Process', 'PID', 'Size'], [{'Client': 'user', 'Process': 'python3', 'PID': '23933', 'Size': {'val': 0, 'unit': 'k'}}, {'Client': 'user', 'Process': 'python3', 'PID': '23927', 'Size': {'val': 0, 'unit': 'k'}}, {'Client': 'user', 'Process': 'python3', 'PID': '23921', 'Size': {'val': 0, 'unit': 'k'}}, {'Client': 'user', 'Process': 'python3', 'PID': '23915', 'Size': {'val': 0, 'unit': 'k'}}, {'Client': 'user', 'Process': 'python3', 'PID': '22194', 'Size': {'val': 0, 'unit': 'k'}}, {'Client': 'user', 'Process': 'python3', 'PID': '22188', 'Size': {'val': 2279228, 'unit': 'k'}}, {'Client': 'user', 'Process': 'gnome-shell', 'PID': '2138', 'Size': {'val': 5384, 'unit': 'k'}}, {'Client': 'user', 'Process': 'Xorg', 'PID': '1884', 'Size': {'val': 18140, 'unit': 'k'}}, {'Client': 'user', 'Process': 'nvargus-daemon', 'PID': '1179', 'Size': {'val': 0, 'unit': 'k'}}]]",94.34603357315063
5718568,7512672,k,"{'nblock': 15, 'size': 4, 'unit': 'M'}",2456352,"[['Client', 'Process', 'PID', 'Size'], [{'Client': 'user', 'Process': 'python3', 'PID': '23933', 'Size': {'val': 0, 'unit': 'k'}}, {'Client': 'user', 'Process': 'python3', 'PID': '23927', 'Size': {'val': 0, 'unit': 'k'}}, {'Client': 'user', 'Process': 'python3', 'PID': '23921', 'Size': {'val': 0, 'unit': 'k'}}, {'Client': 'user', 'Process': 'python3', 'PID': '23915', 'Size': {'val': 0, 'unit': 'k'}}, {'Client': 'user', 'Process': 'python3', 'PID': '22194', 'Size': {'val': 0, 'unit': 'k'}}, {'Client': 'user', 'Process': 'python3', 'PID': '22188', 'Size': {'val': 2432828, 'unit': 'k'}}, {'Client': 'user', 'Process': 'gnome-shell', 'PID': '2138', 'Size': {'val': 5384, 'unit': 'k'}}, {'Client': 'user', 'Process': 'Xorg', 'PID': '1884', 'Size': {'val': 18140, 'unit': 'k'}}, {'Client': 'user', 'Process': 'nvargus-daemon', 'PID': '1179', 'Size': {'val': 0, 'unit': 'k'}}]]",95.60569477081299
5721184,7512672,k,"{'nblock': 12, 'size': 4, 'unit': 'M'}",2456352,"[['Client', 'Process', 'PID', 'Size'], [{'Client': 'user', 'Process': 'python3', 'PID': '23933', 'Size': {'val': 0, 'unit': 'k'}}, {'Client': 'user', 'Process': 'python3', 'PID': '23927', 'Size': {'val': 0, 'unit': 'k'}}, {'Client': 'user', 'Process': 'python3', 'PID': '23921', 'Size': {'val': 0, 'unit': 'k'}}, {'Client': 'user', 'Process': 'python3', 'PID': '23915', 'Size': {'val': 0, 'unit': 'k'}}, {'Client': 'user', 'Process': 'python3', 'PID': '22194', 'Size': {'val': 0, 'unit': 'k'}}, {'Client': 'user', 'Process': 'python3', 'PID': '22188', 'Size': {'val': 2432828, 'unit': 'k'}}, {'Client': 'user', 'Process': 'gnome-shell', 'PID': '2138', 'Size': {'val': 5384, 'unit': 'k'}}, {'Client': 'user', 'Process': 'Xorg', 'PID': '1884', 'Size': {'val': 18140, 'unit': 'k'}}, {'Client': 'user', 'Process': 'nvargus-daemon', 'PID': '1179', 'Size': {'val': 0, 'unit': 'k'}}]]",96.95786762237549
5720824,7512672,k,"{'nblock': 11, 'size': 4, 'unit': 'M'}",2456352,"[['Client', 'Process', 'PID', 'Size'], [{'Client': 'user', 'Process': 'python3', 'PID': '23933', 'Size': {'val': 0, 'unit': 'k'}}, {'Client': 'user', 'Process': 'python3', 'PID': '23927', 'Size': {'val': 0, 'unit': 'k'}}, {'Client': 'user', 'Process': 'python3', 'PID': '23921', 'Size': {'val': 0, 'unit': 'k'}}, {'Client': 'user', 'Process': 'python3', 'PID': '23915', 'Size': {'val': 0, 'unit': 'k'}}, {'Client': 'user', 'Process': 'python3', 'PID': '22194', 'Size': {'val': 0, 'unit': 'k'}}, {'Client': 'user', 'Process': 'python3', 'PID': '22188', 'Size': {'val': 2432828, 'unit': 'k'}}, {'Client': 'user', 'Process': 'gnome-shell', 'PID': '2138', 'Size': {'val': 5384, 'unit': 'k'}}, {'Client': 'user', 'Process': 'Xorg', 'PID': '1884', 'Size': {'val': 18140, 'unit': 'k'}}, {'Client': 'user', 'Process': 'nvargus-daemon', 'PID': '1179', 'Size': {'val': 0, 'unit': 'k'}}]]",98.3350727558136
5722784,7512672,k,"{'nblock': 9, 'size': 4, 'unit': 'M'}",2456352,"[['Client', 'Process', 'PID', 'Size'], [{'Client': 'user', 'Process': 'python3', 'PID': '23933', 'Size': {'val': 0, 'unit': 'k'}}, {'Client': 'user', 'Process': 'python3', 'PID': '23927', 'Size': {'val': 0, 'unit': 'k'}}, {'Client': 'user', 'Process': 'python3', 'PID': '23921', 'Size': {'val': 0, 'unit': 'k'}}, {'Client': 'user', 'Process': 'python3', 'PID': '23915', 'Size': {'val': 0, 'unit': 'k'}}, {'Client': 'user', 'Process': 'python3', 'PID': '22194', 'Size': {'val': 0, 'unit': 'k'}}, {'Client': 'user', 'Process': 'python3', 'PID': '22188', 'Size': {'val': 2432828, 'unit': 'k'}}, {'Client': 'user', 'Process': 'gnome-shell', 'PID': '2138', 'Size': {'val': 5384, 'unit': 'k'}}, {'Client': 'user', 'Process': 'Xorg', 'PID': '1884', 'Size': {'val': 18140, 'unit': 'k'}}, {'Client': 'user', 'Process': 'nvargus-daemon', 'PID': '1179', 'Size': {'val': 0, 'unit': 'k'}}]]",99.66434812545776
5721316,7512672,k,"{'nblock': 8, 'size': 4, 'unit': 'M'}",2456352,"[['Client', 'Process', 'PID', 'Size'], [{'Client': 'user', 'Process': 'python3', 'PID': '23933', 'Size': {'val': 0, 'unit': 'k'}}, {'Client': 'user', 'Process': 'python3', 'PID': '23927', 'Size': {'val': 0, 'unit': 'k'}}, {'Client': 'user', 'Process': 'python3', 'PID': '23921', 'Size': {'val': 0, 'unit': 'k'}}, {'Client': 'user', 'Process': 'python3', 'PID': '23915', 'Size': {'val': 0, 'unit': 'k'}}, {'Client': 'user', 'Process': 'python3', 'PID': '22194', 'Size': {'val': 0, 'unit': 'k'}}, {'Client': 'user', 'Process': 'python3', 'PID': '22188', 'Size': {'val': 2432828, 'unit': 'k'}}, {'Client': 'user', 'Process': 'gnome-shell', 'PID': '2138', 'Size': {'val': 5384, 'unit': 'k'}}, {'Client': 'user', 'Process': 'Xorg', 'PID': '1884', 'Size': {'val': 18140, 'unit': 'k'}}, {'Client': 'user', 'Process': 'nvargus-daemon', 'PID': '1179', 'Size': {'val': 0, 'unit': 'k'}}]]",100.88515710830688
5723024,7512672,k,"{'nblock': 6, 'size': 4, 'unit': 'M'}",2456352,"[['Client', 'Process', 'PID', 'Size'], [{'Client': 'user', 'Process': 'python3', 'PID': '23933', 'Size': {'val': 0, 'unit': 'k'}}, {'Client': 'user', 'Process': 'python3', 'PID': '23927', 'Size': {'val': 0, 'unit': 'k'}}, {'Client': 'user', 'Process': 'python3', 'PID': '23921', 'Size': {'val': 0, 'unit': 'k'}}, {'Client': 'user', 'Process': 'python3', 'PID': '23915', 'Size': {'val': 0, 'unit': 'k'}}, {'Client': 'user', 'Process': 'python3', 'PID': '22194', 'Size': {'val': 0, 'unit': 'k'}}, {'Client': 'user', 'Process': 'python3', 'PID': '22188', 'Size': {'val': 2432828, 'unit': 'k'}}, {'Client': 'user', 'Process': 'gnome-shell', 'PID': '2138', 'Size': {'val': 5384, 'unit': 'k'}}, {'Client': 'user', 'Process': 'Xorg', 'PID': '1884', 'Size': {'val': 18140, 'unit': 'k'}}, {'Client': 'user', 'Process': 'nvargus-daemon', 'PID': '1179', 'Size': {'val': 0, 'unit': 'k'}}]]",102.38353395462036
5731768,7512672,k,"{'nblock': 6, 'size': 4, 'unit': 'M'}",2456352,"[['Client', 'Process', 'PID', 'Size'], [{'Client': 'user', 'Process': 'python3', 'PID': '23933', 'Size': {'val': 0, 'unit': 'k'}}, {'Client': 'user', 'Process': 'python3', 'PID': '23927', 'Size': {'val': 0, 'unit': 'k'}}, {'Client': 'user', 'Process': 'python3', 'PID': '23921', 'Size': {'val': 0, 'unit': 'k'}}, {'Client': 'user', 'Process': 'python3', 'PID': '23915', 'Size': {'val': 0, 'unit': 'k'}}, {'Client': 'user', 'Process': 'python3', 'PID': '22194', 'Size': {'val': 0, 'unit': 'k'}}, {'Client': 'user', 'Process': 'python3', 'PID': '22188', 'Size': {'val': 2432828, 'unit': 'k'}}, {'Client': 'user', 'Process': 'gnome-shell', 'PID': '2138', 'Size': {'val': 5384, 'unit': 'k'}}, {'Client': 'user', 'Process': 'Xorg', 'PID': '1884', 'Size': {'val': 18140, 'unit': 'k'}}, {'Client': 'user', 'Process': 'nvargus-daemon', 'PID': '1179', 'Size': {'val': 0, 'unit': 'k'}}]]",103.9069414138794
5731108,7512672,k,"{'nblock': 6, 'size': 4, 'unit': 'M'}",2456352,"[['Client', 'Process', 'PID', 'Size'], [{'Client': 'user', 'Process': 'python3', 'PID': '23933', 'Size': {'val': 0, 'unit': 'k'}}, {'Client': 'user', 'Process': 'python3', 'PID': '23927', 'Size': {'val': 0, 'unit': 'k'}}, {'Client': 'user', 'Process': 'python3', 'PID': '23921', 'Size': {'val': 0, 'unit': 'k'}}, {'Client': 'user', 'Process': 'python3', 'PID': '23915', 'Size': {'val': 0, 'unit': 'k'}}, {'Client': 'user', 'Process': 'python3', 'PID': '22194', 'Size': {'val': 0, 'unit': 'k'}}, {'Client': 'user', 'Process': 'python3', 'PID': '22188', 'Size': {'val': 2432828, 'unit': 'k'}}, {'Client': 'user', 'Process': 'gnome-shell', 'PID': '2138', 'Size': {'val': 5384, 'unit': 'k'}}, {'Client': 'user', 'Process': 'Xorg', 'PID': '1884', 'Size': {'val': 18140, 'unit': 'k'}}, {'Client': 'user', 'Process': 'nvargus-daemon', 'PID': '1179', 'Size': {'val': 0, 'unit': 'k'}}]]",105.27417707443237
5731484,7512672,k,"{'nblock': 6, 'size': 4, 'unit': 'M'}",2456352,"[['Client', 'Process', 'PID', 'Size'], [{'Client': 'user', 'Process': 'python3', 'PID': '23933', 'Size': {'val': 0, 'unit': 'k'}}, {'Client': 'user', 'Process': 'python3', 'PID': '23927', 'Size': {'val': 0, 'unit': 'k'}}, {'Client': 'user', 'Process': 'python3', 'PID': '23921', 'Size': {'val': 0, 'unit': 'k'}}, {'Client': 'user', 'Process': 'python3', 'PID': '23915', 'Size': {'val': 0, 'unit': 'k'}}, {'Client': 'user', 'Process': 'python3', 'PID': '22194', 'Size': {'val': 0, 'unit': 'k'}}, {'Client': 'user', 'Process': 'python3', 'PID': '22188', 'Size': {'val': 2432828, 'unit': 'k'}}, {'Client': 'user', 'Process': 'gnome-shell', 'PID': '2138', 'Size': {'val': 5384, 'unit': 'k'}}, {'Client': 'user', 'Process': 'Xorg', 'PID': '1884', 'Size': {'val': 18140, 'unit': 'k'}}, {'Client': 'user', 'Process': 'nvargus-daemon', 'PID': '1179', 'Size': {'val': 0, 'unit': 'k'}}]]",106.65448379516602
5733712,7512672,k,"{'nblock': 6, 'size': 4, 'unit': 'M'}",2456352,"[['Client', 'Process', 'PID', 'Size'], [{'Client': 'user', 'Process': 'python3', 'PID': '23933', 'Size': {'val': 0, 'unit': 'k'}}, {'Client': 'user', 'Process': 'python3', 'PID': '23927', 'Size': {'val': 0, 'unit': 'k'}}, {'Client': 'user', 'Process': 'python3', 'PID': '23921', 'Size': {'val': 0, 'unit': 'k'}}, {'Client': 'user', 'Process': 'python3', 'PID': '23915', 'Size': {'val': 0, 'unit': 'k'}}, {'Client': 'user', 'Process': 'python3', 'PID': '22194', 'Size': {'val': 0, 'unit': 'k'}}, {'Client': 'user', 'Process': 'python3', 'PID': '22188', 'Size': {'val': 2432828, 'unit': 'k'}}, {'Client': 'user', 'Process': 'gnome-shell', 'PID': '2138', 'Size': {'val': 5384, 'unit': 'k'}}, {'Client': 'user', 'Process': 'Xorg', 'PID': '1884', 'Size': {'val': 18140, 'unit': 'k'}}, {'Client': 'user', 'Process': 'nvargus-daemon', 'PID': '1179', 'Size': {'val': 0, 'unit': 'k'}}]]",107.93519973754883
5727908,7512672,k,"{'nblock': 6, 'size': 4, 'unit': 'M'}",2456352,"[['Client', 'Process', 'PID', 'Size'], [{'Client': 'user', 'Process': 'python3', 'PID': '23933', 'Size': {'val': 0, 'unit': 'k'}}, {'Client': 'user', 'Process': 'python3', 'PID': '23927', 'Size': {'val': 0, 'unit': 'k'}}, {'Client': 'user', 'Process': 'python3', 'PID': '23921', 'Size': {'val': 0, 'unit': 'k'}}, {'Client': 'user', 'Process': 'python3', 'PID': '23915', 'Size': {'val': 0, 'unit': 'k'}}, {'Client': 'user', 'Process': 'python3', 'PID': '22194', 'Size': {'val': 0, 'unit': 'k'}}, {'Client': 'user', 'Process': 'python3', 'PID': '22188', 'Size': {'val': 2432828, 'unit': 'k'}}, {'Client': 'user', 'Process': 'gnome-shell', 'PID': '2138', 'Size': {'val': 5384, 'unit': 'k'}}, {'Client': 'user', 'Process': 'Xorg', 'PID': '1884', 'Size': {'val': 18140, 'unit': 'k'}}, {'Client': 'user', 'Process': 'nvargus-daemon', 'PID': '1179', 'Size': {'val': 0, 'unit': 'k'}}]]",109.12386751174927
5724860,7512672,k,"{'nblock': 6, 'size': 4, 'unit': 'M'}",2456352,"[['Client', 'Process', 'PID', 'Size'], [{'Client': 'user', 'Process': 'python3', 'PID': '23933', 'Size': {'val': 0, 'unit': 'k'}}, {'Client': 'user', 'Process': 'python3', 'PID': '23927', 'Size': {'val': 0, 'unit': 'k'}}, {'Client': 'user', 'Process': 'python3', 'PID': '23921', 'Size': {'val': 0, 'unit': 'k'}}, {'Client': 'user', 'Process': 'python3', 'PID': '23915', 'Size': {'val': 0, 'unit': 'k'}}, {'Client': 'user', 'Process': 'python3', 'PID': '22194', 'Size': {'val': 0, 'unit': 'k'}}, {'Client': 'user', 'Process': 'python3', 'PID': '22188', 'Size': {'val': 2432828, 'unit': 'k'}}, {'Client': 'user', 'Process': 'gnome-shell', 'PID': '2138', 'Size': {'val': 5384, 'unit': 'k'}}, {'Client': 'user', 'Process': 'Xorg', 'PID': '1884', 'Size': {'val': 18140, 'unit': 'k'}}, {'Client': 'user', 'Process': 'nvargus-daemon', 'PID': '1179', 'Size': {'val': 0, 'unit': 'k'}}]]",110.53272247314453
5726376,7512672,k,"{'nblock': 6, 'size': 4, 'unit': 'M'}",2456352,"[['Client', 'Process', 'PID', 'Size'], [{'Client': 'user', 'Process': 'python3', 'PID': '23933', 'Size': {'val': 0, 'unit': 'k'}}, {'Client': 'user', 'Process': 'python3', 'PID': '23927', 'Size': {'val': 0, 'unit': 'k'}}, {'Client': 'user', 'Process': 'python3', 'PID': '23921', 'Size': {'val': 0, 'unit': 'k'}}, {'Client': 'user', 'Process': 'python3', 'PID': '23915', 'Size': {'val': 0, 'unit': 'k'}}, {'Client': 'user', 'Process': 'python3', 'PID': '22194', 'Size': {'val': 0, 'unit': 'k'}}, {'Client': 'user', 'Process': 'python3', 'PID': '22188', 'Size': {'val': 2432828, 'unit': 'k'}}, {'Client': 'user', 'Process': 'gnome-shell', 'PID': '2138', 'Size': {'val': 5384, 'unit': 'k'}}, {'Client': 'user', 'Process': 'Xorg', 'PID': '1884', 'Size': {'val': 18140, 'unit': 'k'}}, {'Client': 'user', 'Process': 'nvargus-daemon', 'PID': '1179', 'Size': {'val': 0, 'unit': 'k'}}]]",111.74398899078369
5725944,7512672,k,"{'nblock': 6, 'size': 4, 'unit': 'M'}",2456352,"[['Client', 'Process', 'PID', 'Size'], [{'Client': 'user', 'Process': 'python3', 'PID': '23933', 'Size': {'val': 0, 'unit': 'k'}}, {'Client': 'user', 'Process': 'python3', 'PID': '23927', 'Size': {'val': 0, 'unit': 'k'}}, {'Client': 'user', 'Process': 'python3', 'PID': '23921', 'Size': {'val': 0, 'unit': 'k'}}, {'Client': 'user', 'Process': 'python3', 'PID': '23915', 'Size': {'val': 0, 'unit': 'k'}}, {'Client': 'user', 'Process': 'python3', 'PID': '22194', 'Size': {'val': 0, 'unit': 'k'}}, {'Client': 'user', 'Process': 'python3', 'PID': '22188', 'Size': {'val': 2432828, 'unit': 'k'}}, {'Client': 'user', 'Process': 'gnome-shell', 'PID': '2138', 'Size': {'val': 5384, 'unit': 'k'}}, {'Client': 'user', 'Process': 'Xorg', 'PID': '1884', 'Size': {'val': 18140, 'unit': 'k'}}, {'Client': 'user', 'Process': 'nvargus-daemon', 'PID': '1179', 'Size': {'val': 0, 'unit': 'k'}}]]",112.94697666168213
5727804,7512672,k,"{'nblock': 6, 'size': 4, 'unit': 'M'}",2456352,"[['Client', 'Process', 'PID', 'Size'], [{'Client': 'user', 'Process': 'python3', 'PID': '23933', 'Size': {'val': 0, 'unit': 'k'}}, {'Client': 'user', 'Process': 'python3', 'PID': '23927', 'Size': {'val': 0, 'unit': 'k'}}, {'Client': 'user', 'Process': 'python3', 'PID': '23921', 'Size': {'val': 0, 'unit': 'k'}}, {'Client': 'user', 'Process': 'python3', 'PID': '23915', 'Size': {'val': 0, 'unit': 'k'}}, {'Client': 'user', 'Process': 'python3', 'PID': '22194', 'Size': {'val': 0, 'unit': 'k'}}, {'Client': 'user', 'Process': 'python3', 'PID': '22188', 'Size': {'val': 2432828, 'unit': 'k'}}, {'Client': 'user', 'Process': 'gnome-shell', 'PID': '2138', 'Size': {'val': 5384, 'unit': 'k'}}, {'Client': 'user', 'Process': 'Xorg', 'PID': '1884', 'Size': {'val': 18140, 'unit': 'k'}}, {'Client': 'user', 'Process': 'nvargus-daemon', 'PID': '1179', 'Size': {'val': 0, 'unit': 'k'}}]]",114.30122399330139
5735520,7512672,k,"{'nblock': 6, 'size': 4, 'unit': 'M'}",2456352,"[['Client', 'Process', 'PID', 'Size'], [{'Client': 'user', 'Process': 'python3', 'PID': '23933', 'Size': {'val': 0, 'unit': 'k'}}, {'Client': 'user', 'Process': 'python3', 'PID': '23927', 'Size': {'val': 0, 'unit': 'k'}}, {'Client': 'user', 'Process': 'python3', 'PID': '23921', 'Size': {'val': 0, 'unit': 'k'}}, {'Client': 'user', 'Process': 'python3', 'PID': '23915', 'Size': {'val': 0, 'unit': 'k'}}, {'Client': 'user', 'Process': 'python3', 'PID': '22194', 'Size': {'val': 0, 'unit': 'k'}}, {'Client': 'user', 'Process': 'python3', 'PID': '22188', 'Size': {'val': 2432828, 'unit': 'k'}}, {'Client': 'user', 'Process': 'gnome-shell', 'PID': '2138', 'Size': {'val': 5384, 'unit': 'k'}}, {'Client': 'user', 'Process': 'Xorg', 'PID': '1884', 'Size': {'val': 18140, 'unit': 'k'}}, {'Client': 'user', 'Process': 'nvargus-daemon', 'PID': '1179', 'Size': {'val': 0, 'unit': 'k'}}]]",115.63539433479309
