r/s,w/s,rkB/s,wkB/s,rrqm/s,wrqm/s,%rrqm,%wrqm,r_await,w_await,aqu-sz,rareq-sz,wareq-sz,svctm,%util,log_time
r/s,rkB/s,rrqm/s,%rrqm,r_await,rareq-sz,w/s,wkB/s,wrqm/s,%wrqm,w_await,wareq-sz,d/s,dkB/s,drqm/s,0.00,0.00,0.00,0.00,0.00,0.00,0.00,0.00,0.00,0.00,0.00,0.00,0.00,0.00,0.00,2.376361131668091
r/s,rkB/s,rrqm/s,%rrqm,r_await,rareq-sz,w/s,wkB/s,wrqm/s,%wrqm,w_await,wareq-sz,d/s,dkB/s,drqm/s,0.00,0.00,0.00,0.00,0.00,0.00,0.00,0.00,0.00,0.00,0.00,0.00,0.00,0.00,0.00,3.8905913829803467
r/s,rkB/s,rrqm/s,%rrqm,r_await,rareq-sz,w/s,wkB/s,wrqm/s,%wrqm,w_await,wareq-sz,d/s,dkB/s,drqm/s,0.00,0.00,0.00,0.00,0.00,0.00,0.00,0.00,0.00,0.00,0.00,0.00,0.00,0.00,0.00,5.405350685119629
r/s,rkB/s,rrqm/s,%rrqm,r_await,rareq-sz,w/s,wkB/s,wrqm/s,%wrqm,w_await,wareq-sz,d/s,dkB/s,drqm/s,0.00,0.00,0.00,0.00,0.00,0.00,0.00,0.00,0.00,0.00,0.00,0.00,0.00,0.00,0.00,6.747622966766357
r/s,rkB/s,rrqm/s,%rrqm,r_await,rareq-sz,w/s,wkB/s,wrqm/s,%wrqm,w_await,wareq-sz,d/s,dkB/s,drqm/s,0.00,0.00,0.00,0.00,0.00,0.00,1.00,0.00,0.00,0.00,8.00,0.00,0.00,0.00,0.00,8.01449704170227
r/s,rkB/s,rrqm/s,%rrqm,r_await,rareq-sz,w/s,wkB/s,wrqm/s,%wrqm,w_await,wareq-sz,d/s,dkB/s,drqm/s,39.00,204.00,0.00,0.00,0.59,5.23,0.00,0.00,0.00,0.00,0.00,0.00,0.00,0.00,0.00,9.71268916130066
r/s,rkB/s,rrqm/s,%rrqm,r_await,rareq-sz,w/s,wkB/s,wrqm/s,%wrqm,w_await,wareq-sz,d/s,dkB/s,drqm/s,160.00,5540.00,0.00,0.00,0.36,34.62,0.00,0.00,0.00,0.00,0.00,0.00,0.00,0.00,0.00,10.828511714935303
r/s,rkB/s,rrqm/s,%rrqm,r_await,rareq-sz,w/s,wkB/s,wrqm/s,%wrqm,w_await,wareq-sz,d/s,dkB/s,drqm/s,256.00,8816.00,0.00,0.00,0.17,34.44,0.00,0.00,0.00,0.00,0.00,0.00,0.00,0.00,0.00,12.28590202331543
r/s,rkB/s,rrqm/s,%rrqm,r_await,rareq-sz,w/s,wkB/s,wrqm/s,%wrqm,w_await,wareq-sz,d/s,dkB/s,drqm/s,0.00,0.00,0.00,0.00,0.00,0.00,0.00,0.00,0.00,0.00,0.00,0.00,0.00,0.00,0.00,13.482902526855469
r/s,rkB/s,rrqm/s,%rrqm,r_await,rareq-sz,w/s,wkB/s,wrqm/s,%wrqm,w_await,wareq-sz,d/s,dkB/s,drqm/s,0.00,0.00,0.00,0.00,0.00,0.00,0.00,0.00,0.00,0.00,0.00,0.00,0.00,0.00,0.00,14.604581117630005
r/s,rkB/s,rrqm/s,%rrqm,r_await,rareq-sz,w/s,wkB/s,wrqm/s,%wrqm,w_await,wareq-sz,d/s,dkB/s,drqm/s,1.00,4.00,0.00,0.00,8.00,4.00,2.00,152.00,36.00,94.74,0.50,76.00,0.00,0.00,0.00,15.721246242523193
r/s,rkB/s,rrqm/s,%rrqm,r_await,rareq-sz,w/s,wkB/s,wrqm/s,%wrqm,w_await,wareq-sz,d/s,dkB/s,drqm/s,0.00,0.00,0.00,0.00,0.00,0.00,0.00,0.00,0.00,0.00,0.00,0.00,0.00,0.00,0.00,16.843465328216553
r/s,rkB/s,rrqm/s,%rrqm,r_await,rareq-sz,w/s,wkB/s,wrqm/s,%wrqm,w_await,wareq-sz,d/s,dkB/s,drqm/s,0.00,0.00,0.00,0.00,0.00,0.00,0.00,0.00,0.00,0.00,0.00,0.00,0.00,0.00,0.00,17.9786639213562
r/s,rkB/s,rrqm/s,%rrqm,r_await,rareq-sz,w/s,wkB/s,wrqm/s,%wrqm,w_await,wareq-sz,d/s,dkB/s,drqm/s,0.00,0.00,0.00,0.00,0.00,0.00,0.00,0.00,0.00,0.00,0.00,0.00,0.00,0.00,0.00,19.110362768173218
r/s,rkB/s,rrqm/s,%rrqm,r_await,rareq-sz,w/s,wkB/s,wrqm/s,%wrqm,w_await,wareq-sz,d/s,dkB/s,drqm/s,0.00,0.00,0.00,0.00,0.00,0.00,0.00,0.00,0.00,0.00,0.00,0.00,0.00,0.00,0.00,20.227710962295532
r/s,rkB/s,rrqm/s,%rrqm,r_await,rareq-sz,w/s,wkB/s,wrqm/s,%wrqm,w_await,wareq-sz,d/s,dkB/s,drqm/s,0.00,0.00,0.00,0.00,0.00,0.00,36.00,144.00,0.00,0.00,7.56,4.00,0.00,0.00,0.00,21.342416763305664
r/s,rkB/s,rrqm/s,%rrqm,r_await,rareq-sz,w/s,wkB/s,wrqm/s,%wrqm,w_await,wareq-sz,d/s,dkB/s,drqm/s,0.00,0.00,0.00,0.00,0.00,0.00,0.00,0.00,0.00,0.00,0.00,0.00,0.00,0.00,0.00,22.470593690872192
r/s,rkB/s,rrqm/s,%rrqm,r_await,rareq-sz,w/s,wkB/s,wrqm/s,%wrqm,w_await,wareq-sz,d/s,dkB/s,drqm/s,0.00,0.00,0.00,0.00,0.00,0.00,0.00,0.00,0.00,0.00,0.00,0.00,0.00,0.00,0.00,23.5966796875
r/s,rkB/s,rrqm/s,%rrqm,r_await,rareq-sz,w/s,wkB/s,wrqm/s,%wrqm,w_await,wareq-sz,d/s,dkB/s,drqm/s,0.00,0.00,0.00,0.00,0.00,0.00,0.00,0.00,0.00,0.00,0.00,0.00,0.00,0.00,0.00,24.73339056968689
r/s,rkB/s,rrqm/s,%rrqm,r_await,rareq-sz,w/s,wkB/s,wrqm/s,%wrqm,w_await,wareq-sz,d/s,dkB/s,drqm/s,0.00,0.00,0.00,0.00,0.00,0.00,0.00,0.00,0.00,0.00,0.00,0.00,0.00,0.00,0.00,25.854218006134033
r/s,rkB/s,rrqm/s,%rrqm,r_await,rareq-sz,w/s,wkB/s,wrqm/s,%wrqm,w_await,wareq-sz,d/s,dkB/s,drqm/s,0.00,0.00,0.00,0.00,0.00,0.00,0.00,0.00,0.00,0.00,0.00,0.00,0.00,0.00,0.00,26.976128578186035
r/s,rkB/s,rrqm/s,%rrqm,r_await,rareq-sz,w/s,wkB/s,wrqm/s,%wrqm,w_await,wareq-sz,d/s,dkB/s,drqm/s,0.00,0.00,0.00,0.00,0.00,0.00,0.00,0.00,0.00,0.00,0.00,0.00,0.00,0.00,0.00,28.12004017829895
r/s,rkB/s,rrqm/s,%rrqm,r_await,rareq-sz,w/s,wkB/s,wrqm/s,%wrqm,w_await,wareq-sz,d/s,dkB/s,drqm/s,0.00,0.00,0.00,0.00,0.00,0.00,0.00,0.00,0.00,0.00,0.00,0.00,0.00,0.00,0.00,29.255611181259155
r/s,rkB/s,rrqm/s,%rrqm,r_await,rareq-sz,w/s,wkB/s,wrqm/s,%wrqm,w_await,wareq-sz,d/s,dkB/s,drqm/s,0.00,0.00,0.00,0.00,0.00,0.00,0.00,0.00,0.00,0.00,0.00,0.00,0.00,0.00,0.00,30.438289642333984
r/s,rkB/s,rrqm/s,%rrqm,r_await,rareq-sz,w/s,wkB/s,wrqm/s,%wrqm,w_await,wareq-sz,d/s,dkB/s,drqm/s,0.00,0.00,0.00,0.00,0.00,0.00,0.00,0.00,0.00,0.00,0.00,0.00,0.00,0.00,0.00,31.558616399765015
r/s,rkB/s,rrqm/s,%rrqm,r_await,rareq-sz,w/s,wkB/s,wrqm/s,%wrqm,w_await,wareq-sz,d/s,dkB/s,drqm/s,0.00,0.00,0.00,0.00,0.00,0.00,0.00,0.00,0.00,0.00,0.00,0.00,0.00,0.00,0.00,32.69695830345154
r/s,rkB/s,rrqm/s,%rrqm,r_await,rareq-sz,w/s,wkB/s,wrqm/s,%wrqm,w_await,wareq-sz,d/s,dkB/s,drqm/s,0.00,0.00,0.00,0.00,0.00,0.00,0.00,0.00,0.00,0.00,0.00,0.00,0.00,0.00,0.00,33.830259799957275
r/s,rkB/s,rrqm/s,%rrqm,r_await,rareq-sz,w/s,wkB/s,wrqm/s,%wrqm,w_await,wareq-sz,d/s,dkB/s,drqm/s,0.00,0.00,0.00,0.00,0.00,0.00,0.00,0.00,0.00,0.00,0.00,0.00,0.00,0.00,0.00,34.96062159538269
r/s,rkB/s,rrqm/s,%rrqm,r_await,rareq-sz,w/s,wkB/s,wrqm/s,%wrqm,w_await,wareq-sz,d/s,dkB/s,drqm/s,0.00,0.00,0.00,0.00,0.00,0.00,0.00,0.00,0.00,0.00,0.00,0.00,0.00,0.00,0.00,36.07422208786011
r/s,rkB/s,rrqm/s,%rrqm,r_await,rareq-sz,w/s,wkB/s,wrqm/s,%wrqm,w_await,wareq-sz,d/s,dkB/s,drqm/s,0.00,0.00,0.00,0.00,0.00,0.00,0.00,0.00,0.00,0.00,0.00,0.00,0.00,0.00,0.00,37.20166349411011
r/s,rkB/s,rrqm/s,%rrqm,r_await,rareq-sz,w/s,wkB/s,wrqm/s,%wrqm,w_await,wareq-sz,d/s,dkB/s,drqm/s,0.00,0.00,0.00,0.00,0.00,0.00,0.00,0.00,0.00,0.00,0.00,0.00,0.00,0.00,0.00,38.31641173362732
r/s,rkB/s,rrqm/s,%rrqm,r_await,rareq-sz,w/s,wkB/s,wrqm/s,%wrqm,w_await,wareq-sz,d/s,dkB/s,drqm/s,0.00,0.00,0.00,0.00,0.00,0.00,0.00,0.00,0.00,0.00,0.00,0.00,0.00,0.00,0.00,39.44029355049133
r/s,rkB/s,rrqm/s,%rrqm,r_await,rareq-sz,w/s,wkB/s,wrqm/s,%wrqm,w_await,wareq-sz,d/s,dkB/s,drqm/s,0.00,0.00,0.00,0.00,0.00,0.00,0.00,0.00,0.00,0.00,0.00,0.00,0.00,0.00,0.00,40.57091021537781
r/s,rkB/s,rrqm/s,%rrqm,r_await,rareq-sz,w/s,wkB/s,wrqm/s,%wrqm,w_await,wareq-sz,d/s,dkB/s,drqm/s,0.00,0.00,0.00,0.00,0.00,0.00,0.00,0.00,0.00,0.00,0.00,0.00,0.00,0.00,0.00,41.70892071723938
r/s,rkB/s,rrqm/s,%rrqm,r_await,rareq-sz,w/s,wkB/s,wrqm/s,%wrqm,w_await,wareq-sz,d/s,dkB/s,drqm/s,0.00,0.00,0.00,0.00,0.00,0.00,0.00,0.00,0.00,0.00,0.00,0.00,0.00,0.00,0.00,42.88183259963989
r/s,rkB/s,rrqm/s,%rrqm,r_await,rareq-sz,w/s,wkB/s,wrqm/s,%wrqm,w_await,wareq-sz,d/s,dkB/s,drqm/s,0.00,0.00,0.00,0.00,0.00,0.00,0.00,0.00,0.00,0.00,0.00,0.00,0.00,0.00,0.00,43.99689531326294
r/s,rkB/s,rrqm/s,%rrqm,r_await,rareq-sz,w/s,wkB/s,wrqm/s,%wrqm,w_await,wareq-sz,d/s,dkB/s,drqm/s,0.00,0.00,0.00,0.00,0.00,0.00,0.00,0.00,0.00,0.00,0.00,0.00,0.00,0.00,0.00,45.117685079574585
r/s,rkB/s,rrqm/s,%rrqm,r_await,rareq-sz,w/s,wkB/s,wrqm/s,%wrqm,w_await,wareq-sz,d/s,dkB/s,drqm/s,0.00,0.00,0.00,0.00,0.00,0.00,0.00,0.00,0.00,0.00,0.00,0.00,0.00,0.00,0.00,46.25279235839844
r/s,rkB/s,rrqm/s,%rrqm,r_await,rareq-sz,w/s,wkB/s,wrqm/s,%wrqm,w_await,wareq-sz,d/s,dkB/s,drqm/s,0.00,0.00,0.00,0.00,0.00,0.00,0.00,0.00,0.00,0.00,0.00,0.00,0.00,0.00,0.00,47.36838912963867
r/s,rkB/s,rrqm/s,%rrqm,r_await,rareq-sz,w/s,wkB/s,wrqm/s,%wrqm,w_await,wareq-sz,d/s,dkB/s,drqm/s,0.00,0.00,0.00,0.00,0.00,0.00,0.00,0.00,0.00,0.00,0.00,0.00,0.00,0.00,0.00,48.507468938827515
r/s,rkB/s,rrqm/s,%rrqm,r_await,rareq-sz,w/s,wkB/s,wrqm/s,%wrqm,w_await,wareq-sz,d/s,dkB/s,drqm/s,0.00,0.00,0.00,0.00,0.00,0.00,0.00,0.00,0.00,0.00,0.00,0.00,0.00,0.00,0.00,49.62261152267456
r/s,rkB/s,rrqm/s,%rrqm,r_await,rareq-sz,w/s,wkB/s,wrqm/s,%wrqm,w_await,wareq-sz,d/s,dkB/s,drqm/s,0.00,0.00,0.00,0.00,0.00,0.00,0.00,0.00,0.00,0.00,0.00,0.00,0.00,0.00,0.00,50.74041175842285
r/s,rkB/s,rrqm/s,%rrqm,r_await,rareq-sz,w/s,wkB/s,wrqm/s,%wrqm,w_await,wareq-sz,d/s,dkB/s,drqm/s,0.00,0.00,0.00,0.00,0.00,0.00,0.00,0.00,0.00,0.00,0.00,0.00,0.00,0.00,0.00,51.875868797302246
r/s,rkB/s,rrqm/s,%rrqm,r_await,rareq-sz,w/s,wkB/s,wrqm/s,%wrqm,w_await,wareq-sz,d/s,dkB/s,drqm/s,0.00,0.00,0.00,0.00,0.00,0.00,0.00,0.00,0.00,0.00,0.00,0.00,0.00,0.00,0.00,52.9910786151886
r/s,rkB/s,rrqm/s,%rrqm,r_await,rareq-sz,w/s,wkB/s,wrqm/s,%wrqm,w_await,wareq-sz,d/s,dkB/s,drqm/s,0.00,0.00,0.00,0.00,0.00,0.00,0.00,0.00,0.00,0.00,0.00,0.00,0.00,0.00,0.00,54.12432646751404
r/s,rkB/s,rrqm/s,%rrqm,r_await,rareq-sz,w/s,wkB/s,wrqm/s,%wrqm,w_await,wareq-sz,d/s,dkB/s,drqm/s,0.00,0.00,0.00,0.00,0.00,0.00,0.00,0.00,0.00,0.00,0.00,0.00,0.00,0.00,0.00,55.23878002166748
r/s,rkB/s,rrqm/s,%rrqm,r_await,rareq-sz,w/s,wkB/s,wrqm/s,%wrqm,w_await,wareq-sz,d/s,dkB/s,drqm/s,0.00,0.00,0.00,0.00,0.00,0.00,0.00,0.00,0.00,0.00,0.00,0.00,0.00,0.00,0.00,56.35462665557861
r/s,rkB/s,rrqm/s,%rrqm,r_await,rareq-sz,w/s,wkB/s,wrqm/s,%wrqm,w_await,wareq-sz,d/s,dkB/s,drqm/s,0.00,0.00,0.00,0.00,0.00,0.00,0.00,0.00,0.00,0.00,0.00,0.00,0.00,0.00,0.00,57.488932847976685
r/s,rkB/s,rrqm/s,%rrqm,r_await,rareq-sz,w/s,wkB/s,wrqm/s,%wrqm,w_await,wareq-sz,d/s,dkB/s,drqm/s,0.00,0.00,0.00,0.00,0.00,0.00,0.00,0.00,0.00,0.00,0.00,0.00,0.00,0.00,0.00,58.6049861907959
r/s,rkB/s,rrqm/s,%rrqm,r_await,rareq-sz,w/s,wkB/s,wrqm/s,%wrqm,w_await,wareq-sz,d/s,dkB/s,drqm/s,0.00,0.00,0.00,0.00,0.00,0.00,0.00,0.00,0.00,0.00,0.00,0.00,0.00,0.00,0.00,59.73717379570007
r/s,rkB/s,rrqm/s,%rrqm,r_await,rareq-sz,w/s,wkB/s,wrqm/s,%wrqm,w_await,wareq-sz,d/s,dkB/s,drqm/s,0.00,0.00,0.00,0.00,0.00,0.00,0.00,0.00,0.00,0.00,0.00,0.00,0.00,0.00,0.00,60.886399269104004
r/s,rkB/s,rrqm/s,%rrqm,r_await,rareq-sz,w/s,wkB/s,wrqm/s,%wrqm,w_await,wareq-sz,d/s,dkB/s,drqm/s,0.00,0.00,0.00,0.00,0.00,0.00,0.00,0.00,0.00,0.00,0.00,0.00,0.00,0.00,0.00,62.000794410705566
r/s,rkB/s,rrqm/s,%rrqm,r_await,rareq-sz,w/s,wkB/s,wrqm/s,%wrqm,w_await,wareq-sz,d/s,dkB/s,drqm/s,0.00,0.00,0.00,0.00,0.00,0.00,0.00,0.00,0.00,0.00,0.00,0.00,0.00,0.00,0.00,63.29250121116638
r/s,rkB/s,rrqm/s,%rrqm,r_await,rareq-sz,w/s,wkB/s,wrqm/s,%wrqm,w_await,wareq-sz,d/s,dkB/s,drqm/s,0.00,0.00,0.00,0.00,0.00,0.00,0.00,0.00,0.00,0.00,0.00,0.00,0.00,0.00,0.00,64.40687203407288
r/s,rkB/s,rrqm/s,%rrqm,r_await,rareq-sz,w/s,wkB/s,wrqm/s,%wrqm,w_await,wareq-sz,d/s,dkB/s,drqm/s,0.00,0.00,0.00,0.00,0.00,0.00,0.00,0.00,0.00,0.00,0.00,0.00,0.00,0.00,0.00,65.52167916297913
r/s,rkB/s,rrqm/s,%rrqm,r_await,rareq-sz,w/s,wkB/s,wrqm/s,%wrqm,w_await,wareq-sz,d/s,dkB/s,drqm/s,0.00,0.00,0.00,0.00,0.00,0.00,0.00,0.00,0.00,0.00,0.00,0.00,0.00,0.00,0.00,66.66169381141663
r/s,rkB/s,rrqm/s,%rrqm,r_await,rareq-sz,w/s,wkB/s,wrqm/s,%wrqm,w_await,wareq-sz,d/s,dkB/s,drqm/s,0.00,0.00,0.00,0.00,0.00,0.00,0.00,0.00,0.00,0.00,0.00,0.00,0.00,0.00,0.00,67.81497001647949
r/s,rkB/s,rrqm/s,%rrqm,r_await,rareq-sz,w/s,wkB/s,wrqm/s,%wrqm,w_await,wareq-sz,d/s,dkB/s,drqm/s,0.00,0.00,0.00,0.00,0.00,0.00,0.00,0.00,0.00,0.00,0.00,0.00,0.00,0.00,0.00,68.94468283653259
r/s,rkB/s,rrqm/s,%rrqm,r_await,rareq-sz,w/s,wkB/s,wrqm/s,%wrqm,w_await,wareq-sz,d/s,dkB/s,drqm/s,0.00,0.00,0.00,0.00,0.00,0.00,0.00,0.00,0.00,0.00,0.00,0.00,0.00,0.00,0.00,70.13031101226807
r/s,rkB/s,rrqm/s,%rrqm,r_await,rareq-sz,w/s,wkB/s,wrqm/s,%wrqm,w_await,wareq-sz,d/s,dkB/s,drqm/s,0.00,0.00,0.00,0.00,0.00,0.00,0.00,0.00,0.00,0.00,0.00,0.00,0.00,0.00,0.00,71.24537825584412
r/s,rkB/s,rrqm/s,%rrqm,r_await,rareq-sz,w/s,wkB/s,wrqm/s,%wrqm,w_await,wareq-sz,d/s,dkB/s,drqm/s,0.00,0.00,0.00,0.00,0.00,0.00,0.00,0.00,0.00,0.00,0.00,0.00,0.00,0.00,0.00,72.37621545791626
r/s,rkB/s,rrqm/s,%rrqm,r_await,rareq-sz,w/s,wkB/s,wrqm/s,%wrqm,w_await,wareq-sz,d/s,dkB/s,drqm/s,0.00,0.00,0.00,0.00,0.00,0.00,0.00,0.00,0.00,0.00,0.00,0.00,0.00,0.00,0.00,73.53050589561462
r/s,rkB/s,rrqm/s,%rrqm,r_await,rareq-sz,w/s,wkB/s,wrqm/s,%wrqm,w_await,wareq-sz,d/s,dkB/s,drqm/s,0.00,0.00,0.00,0.00,0.00,0.00,0.00,0.00,0.00,0.00,0.00,0.00,0.00,0.00,0.00,74.64812207221985
r/s,rkB/s,rrqm/s,%rrqm,r_await,rareq-sz,w/s,wkB/s,wrqm/s,%wrqm,w_await,wareq-sz,d/s,dkB/s,drqm/s,0.00,0.00,0.00,0.00,0.00,0.00,0.00,0.00,0.00,0.00,0.00,0.00,0.00,0.00,0.00,75.782066822052
r/s,rkB/s,rrqm/s,%rrqm,r_await,rareq-sz,w/s,wkB/s,wrqm/s,%wrqm,w_await,wareq-sz,d/s,dkB/s,drqm/s,0.00,0.00,0.00,0.00,0.00,0.00,0.00,0.00,0.00,0.00,0.00,0.00,0.00,0.00,0.00,76.92431592941284
r/s,rkB/s,rrqm/s,%rrqm,r_await,rareq-sz,w/s,wkB/s,wrqm/s,%wrqm,w_await,wareq-sz,d/s,dkB/s,drqm/s,0.00,0.00,0.00,0.00,0.00,0.00,0.00,0.00,0.00,0.00,0.00,0.00,0.00,0.00,0.00,78.03946685791016
r/s,rkB/s,rrqm/s,%rrqm,r_await,rareq-sz,w/s,wkB/s,wrqm/s,%wrqm,w_await,wareq-sz,d/s,dkB/s,drqm/s,0.00,0.00,0.00,0.00,0.00,0.00,0.00,0.00,0.00,0.00,0.00,0.00,0.00,0.00,0.00,79.16960597038269
r/s,rkB/s,rrqm/s,%rrqm,r_await,rareq-sz,w/s,wkB/s,wrqm/s,%wrqm,w_await,wareq-sz,d/s,dkB/s,drqm/s,0.00,0.00,0.00,0.00,0.00,0.00,0.00,0.00,0.00,0.00,0.00,0.00,0.00,0.00,0.00,80.2893488407135
r/s,rkB/s,rrqm/s,%rrqm,r_await,rareq-sz,w/s,wkB/s,wrqm/s,%wrqm,w_await,wareq-sz,d/s,dkB/s,drqm/s,0.00,0.00,0.00,0.00,0.00,0.00,0.00,0.00,0.00,0.00,0.00,0.00,0.00,0.00,0.00,81.43015670776367
r/s,rkB/s,rrqm/s,%rrqm,r_await,rareq-sz,w/s,wkB/s,wrqm/s,%wrqm,w_await,wareq-sz,d/s,dkB/s,drqm/s,0.00,0.00,0.00,0.00,0.00,0.00,0.00,0.00,0.00,0.00,0.00,0.00,0.00,0.00,0.00,82.56244683265686
r/s,rkB/s,rrqm/s,%rrqm,r_await,rareq-sz,w/s,wkB/s,wrqm/s,%wrqm,w_await,wareq-sz,d/s,dkB/s,drqm/s,0.00,0.00,0.00,0.00,0.00,0.00,0.00,0.00,0.00,0.00,0.00,0.00,0.00,0.00,0.00,83.6963381767273
r/s,rkB/s,rrqm/s,%rrqm,r_await,rareq-sz,w/s,wkB/s,wrqm/s,%wrqm,w_await,wareq-sz,d/s,dkB/s,drqm/s,0.00,0.00,0.00,0.00,0.00,0.00,0.00,0.00,0.00,0.00,0.00,0.00,0.00,0.00,0.00,84.98257207870483
r/s,rkB/s,rrqm/s,%rrqm,r_await,rareq-sz,w/s,wkB/s,wrqm/s,%wrqm,w_await,wareq-sz,d/s,dkB/s,drqm/s,0.00,0.00,0.00,0.00,0.00,0.00,0.00,0.00,0.00,0.00,0.00,0.00,0.00,0.00,0.00,86.09576725959778
r/s,rkB/s,rrqm/s,%rrqm,r_await,rareq-sz,w/s,wkB/s,wrqm/s,%wrqm,w_await,wareq-sz,d/s,dkB/s,drqm/s,0.00,0.00,0.00,0.00,0.00,0.00,0.00,0.00,0.00,0.00,0.00,0.00,0.00,0.00,0.00,87.210853099823
r/s,rkB/s,rrqm/s,%rrqm,r_await,rareq-sz,w/s,wkB/s,wrqm/s,%wrqm,w_await,wareq-sz,d/s,dkB/s,drqm/s,0.00,0.00,0.00,0.00,0.00,0.00,0.00,0.00,0.00,0.00,0.00,0.00,0.00,0.00,0.00,88.34111094474792
r/s,rkB/s,rrqm/s,%rrqm,r_await,rareq-sz,w/s,wkB/s,wrqm/s,%wrqm,w_await,wareq-sz,d/s,dkB/s,drqm/s,0.00,0.00,0.00,0.00,0.00,0.00,0.00,0.00,0.00,0.00,0.00,0.00,0.00,0.00,0.00,89.46683144569397
r/s,rkB/s,rrqm/s,%rrqm,r_await,rareq-sz,w/s,wkB/s,wrqm/s,%wrqm,w_await,wareq-sz,d/s,dkB/s,drqm/s,0.00,0.00,0.00,0.00,0.00,0.00,0.00,0.00,0.00,0.00,0.00,0.00,0.00,0.00,0.00,90.60907292366028
r/s,rkB/s,rrqm/s,%rrqm,r_await,rareq-sz,w/s,wkB/s,wrqm/s,%wrqm,w_await,wareq-sz,d/s,dkB/s,drqm/s,0.00,0.00,0.00,0.00,0.00,0.00,0.00,0.00,0.00,0.00,0.00,0.00,0.00,0.00,0.00,91.74454116821289
r/s,rkB/s,rrqm/s,%rrqm,r_await,rareq-sz,w/s,wkB/s,wrqm/s,%wrqm,w_await,wareq-sz,d/s,dkB/s,drqm/s,0.00,0.00,0.00,0.00,0.00,0.00,0.00,0.00,0.00,0.00,0.00,0.00,0.00,0.00,0.00,92.9033317565918
r/s,rkB/s,rrqm/s,%rrqm,r_await,rareq-sz,w/s,wkB/s,wrqm/s,%wrqm,w_await,wareq-sz,d/s,dkB/s,drqm/s,142.00,5024.00,0.00,0.00,0.18,35.38,0.00,0.00,0.00,0.00,0.00,0.00,0.00,0.00,0.00,94.15741634368896
r/s,rkB/s,rrqm/s,%rrqm,r_await,rareq-sz,w/s,wkB/s,wrqm/s,%wrqm,w_await,wareq-sz,d/s,dkB/s,drqm/s,118.00,4304.00,0.00,0.00,0.19,36.47,0.00,0.00,0.00,0.00,0.00,0.00,0.00,0.00,0.00,95.29467916488647
r/s,rkB/s,rrqm/s,%rrqm,r_await,rareq-sz,w/s,wkB/s,wrqm/s,%wrqm,w_await,wareq-sz,d/s,dkB/s,drqm/s,112.00,4028.00,0.00,0.00,0.21,35.96,0.00,0.00,0.00,0.00,0.00,0.00,0.00,0.00,0.00,96.40995740890503
r/s,rkB/s,rrqm/s,%rrqm,r_await,rareq-sz,w/s,wkB/s,wrqm/s,%wrqm,w_await,wareq-sz,d/s,dkB/s,drqm/s,142.00,4980.00,0.00,0.00,0.18,35.07,0.00,0.00,0.00,0.00,0.00,0.00,0.00,0.00,0.00,97.67125487327576
r/s,rkB/s,rrqm/s,%rrqm,r_await,rareq-sz,w/s,wkB/s,wrqm/s,%wrqm,w_await,wareq-sz,d/s,dkB/s,drqm/s,112.00,3804.00,0.00,0.00,0.19,33.96,2.00,208.00,50.00,96.15,0.50,104.00,0.00,0.00,0.00,98.79680562019348
r/s,rkB/s,rrqm/s,%rrqm,r_await,rareq-sz,w/s,wkB/s,wrqm/s,%wrqm,w_await,wareq-sz,d/s,dkB/s,drqm/s,117.00,3976.00,0.00,0.00,0.18,33.98,0.00,0.00,0.00,0.00,0.00,0.00,0.00,0.00,0.00,99.91312503814697
r/s,rkB/s,rrqm/s,%rrqm,r_await,rareq-sz,w/s,wkB/s,wrqm/s,%wrqm,w_await,wareq-sz,d/s,dkB/s,drqm/s,143.00,4816.00,0.00,0.00,0.17,33.68,0.00,0.00,0.00,0.00,0.00,0.00,0.00,0.00,0.00,101.1590256690979
r/s,rkB/s,rrqm/s,%rrqm,r_await,rareq-sz,w/s,wkB/s,wrqm/s,%wrqm,w_await,wareq-sz,d/s,dkB/s,drqm/s,119.00,4424.00,0.00,0.00,0.18,37.18,0.00,0.00,0.00,0.00,0.00,0.00,0.00,0.00,0.00,102.30719304084778
r/s,rkB/s,rrqm/s,%rrqm,r_await,rareq-sz,w/s,wkB/s,wrqm/s,%wrqm,w_await,wareq-sz,d/s,dkB/s,drqm/s,117.00,4052.00,0.00,0.00,0.21,34.63,2.00,212.00,51.00,96.23,0.50,106.00,0.00,0.00,0.00,103.43288064002991
r/s,rkB/s,rrqm/s,%rrqm,r_await,rareq-sz,w/s,wkB/s,wrqm/s,%wrqm,w_await,wareq-sz,d/s,dkB/s,drqm/s,119.00,4276.00,0.00,0.00,0.18,35.93,0.00,0.00,0.00,0.00,0.00,0.00,0.00,0.00,0.00,104.69735455513
r/s,rkB/s,rrqm/s,%rrqm,r_await,rareq-sz,w/s,wkB/s,wrqm/s,%wrqm,w_await,wareq-sz,d/s,dkB/s,drqm/s,117.00,3952.00,0.00,0.00,0.19,33.78,0.00,0.00,0.00,0.00,0.00,0.00,0.00,0.00,0.00,105.82806825637817
r/s,rkB/s,rrqm/s,%rrqm,r_await,rareq-sz,w/s,wkB/s,wrqm/s,%wrqm,w_await,wareq-sz,d/s,dkB/s,drqm/s,108.00,3808.00,0.00,0.00,0.20,35.26,0.00,0.00,0.00,0.00,0.00,0.00,0.00,0.00,0.00,107.0292112827301
r/s,rkB/s,rrqm/s,%rrqm,r_await,rareq-sz,w/s,wkB/s,wrqm/s,%wrqm,w_await,wareq-sz,d/s,dkB/s,drqm/s,114.00,3860.00,0.00,0.00,0.18,33.86,0.00,0.00,0.00,0.00,0.00,0.00,0.00,0.00,0.00,108.24286937713623
r/s,rkB/s,rrqm/s,%rrqm,r_await,rareq-sz,w/s,wkB/s,wrqm/s,%wrqm,w_await,wareq-sz,d/s,dkB/s,drqm/s,112.00,3868.00,0.00,0.00,0.19,34.54,2.00,200.00,48.00,96.00,1.00,100.00,0.00,0.00,0.00,109.37183427810669
r/s,rkB/s,rrqm/s,%rrqm,r_await,rareq-sz,w/s,wkB/s,wrqm/s,%wrqm,w_await,wareq-sz,d/s,dkB/s,drqm/s,115.00,4156.00,0.00,0.00,0.21,36.14,0.00,0.00,0.00,0.00,0.00,0.00,0.00,0.00,0.00,110.85224628448486
r/s,rkB/s,rrqm/s,%rrqm,r_await,rareq-sz,w/s,wkB/s,wrqm/s,%wrqm,w_await,wareq-sz,d/s,dkB/s,drqm/s,117.00,4084.00,0.00,0.00,0.19,34.91,0.00,0.00,0.00,0.00,0.00,0.00,0.00,0.00,0.00,112.03893828392029
r/s,rkB/s,rrqm/s,%rrqm,r_await,rareq-sz,w/s,wkB/s,wrqm/s,%wrqm,w_await,wareq-sz,d/s,dkB/s,drqm/s,56.00,1940.00,0.00,0.00,0.25,34.64,0.00,0.00,0.00,0.00,0.00,0.00,0.00,0.00,0.00,113.24801850318909
