1,2,3,4,5,6,log_time
"{'val': 100, 'frq': 1497000, 'governor': 'schedutil', 'min_freq': 1497600, 'max_freq': 1497600, 'IdleStates': {'WFI': 0, 'c7': 0}, 'model': 'ARMv8 Processor rev 1 (v8l)'}","{'val': 100, 'frq': 1497000, 'governor': 'schedutil', 'min_freq': 1497600, 'max_freq': 1497600, 'IdleStates': {'WFI': 0, 'c7': 0}, 'model': 'ARMv8 Processor rev 1 (v8l)'}","{'val': 100, 'frq': 1497000, 'governor': 'schedutil', 'min_freq': 1497600, 'max_freq': 1497600, 'IdleStates': {'WFI': 0, 'c7': 0}, 'model': 'ARMv8 Processor rev 1 (v8l)'}","{'val': 94, 'frq': 1497000, 'governor': 'schedutil', 'min_freq': 1497600, 'max_freq': 1497600, 'IdleStates': {'WFI': 0, 'c7': 0}, 'model': 'ARMv8 Processor rev 1 (v8l)'}","{'val': 100, 'frq': 1497000, 'governor': 'schedutil', 'min_freq': 1497600, 'max_freq': 1497600, 'IdleStates': {'WFI': 0, 'c7': 0}, 'model': 'ARMv8 Processor rev 1 (v8l)'}","{'val': 100, 'frq': 1497000, 'governor': 'schedutil', 'min_freq': 1497600, 'max_freq': 1497600, 'IdleStates': {'WFI': 0, 'c7': 0}, 'model': 'ARMv8 Processor rev 1 (v8l)'}",0.12769722938537598
"{'val': 100, 'frq': 1497000, 'governor': 'schedutil', 'min_freq': 1497600, 'max_freq': 1497600, 'IdleStates': {'WFI': 0, 'c7': 0}, 'model': 'ARMv8 Processor rev 1 (v8l)'}","{'val': 100, 'frq': 1497000, 'governor': 'schedutil', 'min_freq': 1497600, 'max_freq': 1497600, 'IdleStates': {'WFI': 0, 'c7': 0}, 'model': 'ARMv8 Processor rev 1 (v8l)'}","{'val': 100, 'frq': 1497000, 'governor': 'schedutil', 'min_freq': 1497600, 'max_freq': 1497600, 'IdleStates': {'WFI': 0, 'c7': 0}, 'model': 'ARMv8 Processor rev 1 (v8l)'}","{'val': 94, 'frq': 1497000, 'governor': 'schedutil', 'min_freq': 1497600, 'max_freq': 1497600, 'IdleStates': {'WFI': 0, 'c7': 0}, 'model': 'ARMv8 Processor rev 1 (v8l)'}","{'val': 100, 'frq': 1497000, 'governor': 'schedutil', 'min_freq': 1497600, 'max_freq': 1497600, 'IdleStates': {'WFI': 0, 'c7': 0}, 'model': 'ARMv8 Processor rev 1 (v8l)'}","{'val': 100, 'frq': 1497000, 'governor': 'schedutil', 'min_freq': 1497600, 'max_freq': 1497600, 'IdleStates': {'WFI': 0, 'c7': 0}, 'model': 'ARMv8 Processor rev 1 (v8l)'}",0.12769722938537598
"{'val': 48, 'frq': 1497000, 'governor': 'schedutil', 'min_freq': 1497600, 'max_freq': 1497600, 'IdleStates': {'WFI': 0, 'c7': 0}, 'model': 'ARMv8 Processor rev 1 (v8l)'}","{'val': 50, 'frq': 1497000, 'governor': 'schedutil', 'min_freq': 1497600, 'max_freq': 1497600, 'IdleStates': {'WFI': 0, 'c7': 0}, 'model': 'ARMv8 Processor rev 1 (v8l)'}","{'val': 53, 'frq': 1497000, 'governor': 'schedutil', 'min_freq': 1497600, 'max_freq': 1497600, 'IdleStates': {'WFI': 0, 'c7': 0}, 'model': 'ARMv8 Processor rev 1 (v8l)'}","{'val': 30, 'frq': 1497000, 'governor': 'schedutil', 'min_freq': 1497600, 'max_freq': 1497600, 'IdleStates': {'WFI': 0, 'c7': 0}, 'model': 'ARMv8 Processor rev 1 (v8l)'}","{'val': 98, 'frq': 1497000, 'governor': 'schedutil', 'min_freq': 1497600, 'max_freq': 1497600, 'IdleStates': {'WFI': 0, 'c7': 0}, 'model': 'ARMv8 Processor rev 1 (v8l)'}","{'val': 68, 'frq': 1497000, 'governor': 'schedutil', 'min_freq': 1497600, 'max_freq': 1497600, 'IdleStates': {'WFI': 0, 'c7': 0}, 'model': 'ARMv8 Processor rev 1 (v8l)'}",0.7108139991760254
"{'val': 10, 'frq': 1497000, 'governor': 'schedutil', 'min_freq': 1497600, 'max_freq': 1497600, 'IdleStates': {'WFI': 0, 'c7': 0}, 'model': 'ARMv8 Processor rev 1 (v8l)'}","{'val': 19, 'frq': 1497000, 'governor': 'schedutil', 'min_freq': 1497600, 'max_freq': 1497600, 'IdleStates': {'WFI': 0, 'c7': 0}, 'model': 'ARMv8 Processor rev 1 (v8l)'}","{'val': 13, 'frq': 1497000, 'governor': 'schedutil', 'min_freq': 1497600, 'max_freq': 1497600, 'IdleStates': {'WFI': 0, 'c7': 0}, 'model': 'ARMv8 Processor rev 1 (v8l)'}","{'val': 8, 'frq': 1497000, 'governor': 'schedutil', 'min_freq': 1497600, 'max_freq': 1497600, 'IdleStates': {'WFI': 0, 'c7': 0}, 'model': 'ARMv8 Processor rev 1 (v8l)'}","{'val': 96, 'frq': 1497000, 'governor': 'schedutil', 'min_freq': 1497600, 'max_freq': 1497600, 'IdleStates': {'WFI': 0, 'c7': 0}, 'model': 'ARMv8 Processor rev 1 (v8l)'}","{'val': 30, 'frq': 1497000, 'governor': 'schedutil', 'min_freq': 1497600, 'max_freq': 1497600, 'IdleStates': {'WFI': 0, 'c7': 0}, 'model': 'ARMv8 Processor rev 1 (v8l)'}",1.916503667831421
"{'val': 82, 'frq': 1497000, 'governor': 'schedutil', 'min_freq': 1497600, 'max_freq': 1497600, 'IdleStates': {'WFI': 0, 'c7': 0}, 'model': 'ARMv8 Processor rev 1 (v8l)'}","{'val': 18, 'frq': 1497000, 'governor': 'schedutil', 'min_freq': 1497600, 'max_freq': 1497600, 'IdleStates': {'WFI': 0, 'c7': 0}, 'model': 'ARMv8 Processor rev 1 (v8l)'}","{'val': 58, 'frq': 1497000, 'governor': 'schedutil', 'min_freq': 1497600, 'max_freq': 1497600, 'IdleStates': {'WFI': 0, 'c7': 0}, 'model': 'ARMv8 Processor rev 1 (v8l)'}","{'val': 12, 'frq': 1497000, 'governor': 'schedutil', 'min_freq': 1497600, 'max_freq': 1497600, 'IdleStates': {'WFI': 0, 'c7': 0}, 'model': 'ARMv8 Processor rev 1 (v8l)'}","{'val': 53, 'frq': 1497000, 'governor': 'schedutil', 'min_freq': 1497600, 'max_freq': 1497600, 'IdleStates': {'WFI': 0, 'c7': 0}, 'model': 'ARMv8 Processor rev 1 (v8l)'}","{'val': 65, 'frq': 1497000, 'governor': 'schedutil', 'min_freq': 1497600, 'max_freq': 1497600, 'IdleStates': {'WFI': 0, 'c7': 0}, 'model': 'ARMv8 Processor rev 1 (v8l)'}",3.1335952281951904
"{'val': 7, 'frq': 1497000, 'governor': 'schedutil', 'min_freq': 1497600, 'max_freq': 1497600, 'IdleStates': {'WFI': 0, 'c7': 0}, 'model': 'ARMv8 Processor rev 1 (v8l)'}","{'val': 6, 'frq': 1497000, 'governor': 'schedutil', 'min_freq': 1497600, 'max_freq': 1497600, 'IdleStates': {'WFI': 0, 'c7': 0}, 'model': 'ARMv8 Processor rev 1 (v8l)'}","{'val': 29, 'frq': 1497000, 'governor': 'schedutil', 'min_freq': 1497600, 'max_freq': 1497600, 'IdleStates': {'WFI': 0, 'c7': 0}, 'model': 'ARMv8 Processor rev 1 (v8l)'}","{'val': 3, 'frq': 1497000, 'governor': 'schedutil', 'min_freq': 1497600, 'max_freq': 1497600, 'IdleStates': {'WFI': 0, 'c7': 0}, 'model': 'ARMv8 Processor rev 1 (v8l)'}","{'val': 87, 'frq': 1497000, 'governor': 'schedutil', 'min_freq': 1497600, 'max_freq': 1497600, 'IdleStates': {'WFI': 0, 'c7': 0}, 'model': 'ARMv8 Processor rev 1 (v8l)'}","{'val': 11, 'frq': 1497000, 'governor': 'schedutil', 'min_freq': 1497600, 'max_freq': 1497600, 'IdleStates': {'WFI': 0, 'c7': 0}, 'model': 'ARMv8 Processor rev 1 (v8l)'}",4.337636470794678
"{'val': 9, 'frq': 1497000, 'governor': 'schedutil', 'min_freq': 1497600, 'max_freq': 1497600, 'IdleStates': {'WFI': 0, 'c7': 0}, 'model': 'ARMv8 Processor rev 1 (v8l)'}","{'val': 24, 'frq': 1497000, 'governor': 'schedutil', 'min_freq': 1497600, 'max_freq': 1497600, 'IdleStates': {'WFI': 0, 'c7': 0}, 'model': 'ARMv8 Processor rev 1 (v8l)'}","{'val': 11, 'frq': 1497000, 'governor': 'schedutil', 'min_freq': 1497600, 'max_freq': 1497600, 'IdleStates': {'WFI': 0, 'c7': 0}, 'model': 'ARMv8 Processor rev 1 (v8l)'}","{'val': 11, 'frq': 1497000, 'governor': 'schedutil', 'min_freq': 1497600, 'max_freq': 1497600, 'IdleStates': {'WFI': 0, 'c7': 0}, 'model': 'ARMv8 Processor rev 1 (v8l)'}","{'val': 42, 'frq': 1497000, 'governor': 'schedutil', 'min_freq': 1497600, 'max_freq': 1497600, 'IdleStates': {'WFI': 0, 'c7': 0}, 'model': 'ARMv8 Processor rev 1 (v8l)'}","{'val': 13, 'frq': 1497000, 'governor': 'schedutil', 'min_freq': 1497600, 'max_freq': 1497600, 'IdleStates': {'WFI': 0, 'c7': 0}, 'model': 'ARMv8 Processor rev 1 (v8l)'}",5.53683066368103
"{'val': 9, 'frq': 1497000, 'governor': 'schedutil', 'min_freq': 1497600, 'max_freq': 1497600, 'IdleStates': {'WFI': 0, 'c7': 0}, 'model': 'ARMv8 Processor rev 1 (v8l)'}","{'val': 6, 'frq': 1497000, 'governor': 'schedutil', 'min_freq': 1497600, 'max_freq': 1497600, 'IdleStates': {'WFI': 0, 'c7': 0}, 'model': 'ARMv8 Processor rev 1 (v8l)'}","{'val': 4, 'frq': 1497000, 'governor': 'schedutil', 'min_freq': 1497600, 'max_freq': 1497600, 'IdleStates': {'WFI': 0, 'c7': 0}, 'model': 'ARMv8 Processor rev 1 (v8l)'}","{'val': 4, 'frq': 1497000, 'governor': 'schedutil', 'min_freq': 1497600, 'max_freq': 1497600, 'IdleStates': {'WFI': 0, 'c7': 0}, 'model': 'ARMv8 Processor rev 1 (v8l)'}","{'val': 88, 'frq': 1497000, 'governor': 'schedutil', 'min_freq': 1497600, 'max_freq': 1497600, 'IdleStates': {'WFI': 0, 'c7': 0}, 'model': 'ARMv8 Processor rev 1 (v8l)'}","{'val': 5, 'frq': 1497000, 'governor': 'schedutil', 'min_freq': 1497600, 'max_freq': 1497600, 'IdleStates': {'WFI': 0, 'c7': 0}, 'model': 'ARMv8 Processor rev 1 (v8l)'}",6.734255790710449
"{'val': 9, 'frq': 1497000, 'governor': 'schedutil', 'min_freq': 1497600, 'max_freq': 1497600, 'IdleStates': {'WFI': 0, 'c7': 0}, 'model': 'ARMv8 Processor rev 1 (v8l)'}","{'val': 16, 'frq': 1497000, 'governor': 'schedutil', 'min_freq': 1497600, 'max_freq': 1497600, 'IdleStates': {'WFI': 0, 'c7': 0}, 'model': 'ARMv8 Processor rev 1 (v8l)'}","{'val': 32, 'frq': 1497000, 'governor': 'schedutil', 'min_freq': 1497600, 'max_freq': 1497600, 'IdleStates': {'WFI': 0, 'c7': 0}, 'model': 'ARMv8 Processor rev 1 (v8l)'}","{'val': 9, 'frq': 1497000, 'governor': 'schedutil', 'min_freq': 1497600, 'max_freq': 1497600, 'IdleStates': {'WFI': 0, 'c7': 0}, 'model': 'ARMv8 Processor rev 1 (v8l)'}","{'val': 70, 'frq': 1497000, 'governor': 'schedutil', 'min_freq': 1497600, 'max_freq': 1497600, 'IdleStates': {'WFI': 0, 'c7': 0}, 'model': 'ARMv8 Processor rev 1 (v8l)'}","{'val': 15, 'frq': 1497000, 'governor': 'schedutil', 'min_freq': 1497600, 'max_freq': 1497600, 'IdleStates': {'WFI': 0, 'c7': 0}, 'model': 'ARMv8 Processor rev 1 (v8l)'}",7.986756801605225
"{'val': 15, 'frq': 1497000, 'governor': 'schedutil', 'min_freq': 1497600, 'max_freq': 1497600, 'IdleStates': {'WFI': 0, 'c7': 0}, 'model': 'ARMv8 Processor rev 1 (v8l)'}","{'val': 45, 'frq': 1497000, 'governor': 'schedutil', 'min_freq': 1497600, 'max_freq': 1497600, 'IdleStates': {'WFI': 0, 'c7': 0}, 'model': 'ARMv8 Processor rev 1 (v8l)'}","{'val': 29, 'frq': 1497000, 'governor': 'schedutil', 'min_freq': 1497600, 'max_freq': 1497600, 'IdleStates': {'WFI': 0, 'c7': 0}, 'model': 'ARMv8 Processor rev 1 (v8l)'}","{'val': 23, 'frq': 1497000, 'governor': 'schedutil', 'min_freq': 1497600, 'max_freq': 1497600, 'IdleStates': {'WFI': 0, 'c7': 0}, 'model': 'ARMv8 Processor rev 1 (v8l)'}","{'val': 11, 'frq': 1497000, 'governor': 'schedutil', 'min_freq': 1497600, 'max_freq': 1497600, 'IdleStates': {'WFI': 0, 'c7': 0}, 'model': 'ARMv8 Processor rev 1 (v8l)'}","{'val': 13, 'frq': 1497000, 'governor': 'schedutil', 'min_freq': 1497600, 'max_freq': 1497600, 'IdleStates': {'WFI': 0, 'c7': 0}, 'model': 'ARMv8 Processor rev 1 (v8l)'}",9.23294472694397
"{'val': 9, 'frq': 1497000, 'governor': 'schedutil', 'min_freq': 1497600, 'max_freq': 1497600, 'IdleStates': {'WFI': 0, 'c7': 0}, 'model': 'ARMv8 Processor rev 1 (v8l)'}","{'val': 11, 'frq': 1497000, 'governor': 'schedutil', 'min_freq': 1497600, 'max_freq': 1497600, 'IdleStates': {'WFI': 0, 'c7': 0}, 'model': 'ARMv8 Processor rev 1 (v8l)'}","{'val': 11, 'frq': 1497000, 'governor': 'schedutil', 'min_freq': 1497600, 'max_freq': 1497600, 'IdleStates': {'WFI': 0, 'c7': 0}, 'model': 'ARMv8 Processor rev 1 (v8l)'}","{'val': 57, 'frq': 1497000, 'governor': 'schedutil', 'min_freq': 1497600, 'max_freq': 1497600, 'IdleStates': {'WFI': 0, 'c7': 0}, 'model': 'ARMv8 Processor rev 1 (v8l)'}","{'val': 15, 'frq': 1497000, 'governor': 'schedutil', 'min_freq': 1497600, 'max_freq': 1497600, 'IdleStates': {'WFI': 0, 'c7': 0}, 'model': 'ARMv8 Processor rev 1 (v8l)'}","{'val': 7, 'frq': 1497000, 'governor': 'schedutil', 'min_freq': 1497600, 'max_freq': 1497600, 'IdleStates': {'WFI': 0, 'c7': 0}, 'model': 'ARMv8 Processor rev 1 (v8l)'}",10.454124450683594
"{'val': 15, 'frq': 1497000, 'governor': 'schedutil', 'min_freq': 1497600, 'max_freq': 1497600, 'IdleStates': {'WFI': 0, 'c7': 0}, 'model': 'ARMv8 Processor rev 1 (v8l)'}","{'val': 11, 'frq': 1497000, 'governor': 'schedutil', 'min_freq': 1497600, 'max_freq': 1497600, 'IdleStates': {'WFI': 0, 'c7': 0}, 'model': 'ARMv8 Processor rev 1 (v8l)'}","{'val': 43, 'frq': 1497000, 'governor': 'schedutil', 'min_freq': 1497600, 'max_freq': 1497600, 'IdleStates': {'WFI': 0, 'c7': 0}, 'model': 'ARMv8 Processor rev 1 (v8l)'}","{'val': 36, 'frq': 1497000, 'governor': 'schedutil', 'min_freq': 1497600, 'max_freq': 1497600, 'IdleStates': {'WFI': 0, 'c7': 0}, 'model': 'ARMv8 Processor rev 1 (v8l)'}","{'val': 15, 'frq': 1497000, 'governor': 'schedutil', 'min_freq': 1497600, 'max_freq': 1497600, 'IdleStates': {'WFI': 0, 'c7': 0}, 'model': 'ARMv8 Processor rev 1 (v8l)'}","{'val': 24, 'frq': 1497000, 'governor': 'schedutil', 'min_freq': 1497600, 'max_freq': 1497600, 'IdleStates': {'WFI': 0, 'c7': 0}, 'model': 'ARMv8 Processor rev 1 (v8l)'}",11.660124778747559
"{'val': 13, 'frq': 1497000, 'governor': 'schedutil', 'min_freq': 1497600, 'max_freq': 1497600, 'IdleStates': {'WFI': 0, 'c7': 0}, 'model': 'ARMv8 Processor rev 1 (v8l)'}","{'val': 42, 'frq': 1497000, 'governor': 'schedutil', 'min_freq': 1497600, 'max_freq': 1497600, 'IdleStates': {'WFI': 0, 'c7': 0}, 'model': 'ARMv8 Processor rev 1 (v8l)'}","{'val': 15, 'frq': 1497000, 'governor': 'schedutil', 'min_freq': 1497600, 'max_freq': 1497600, 'IdleStates': {'WFI': 0, 'c7': 0}, 'model': 'ARMv8 Processor rev 1 (v8l)'}","{'val': 21, 'frq': 1497000, 'governor': 'schedutil', 'min_freq': 1497600, 'max_freq': 1497600, 'IdleStates': {'WFI': 0, 'c7': 0}, 'model': 'ARMv8 Processor rev 1 (v8l)'}","{'val': 13, 'frq': 1497000, 'governor': 'schedutil', 'min_freq': 1497600, 'max_freq': 1497600, 'IdleStates': {'WFI': 0, 'c7': 0}, 'model': 'ARMv8 Processor rev 1 (v8l)'}","{'val': 18, 'frq': 1497000, 'governor': 'schedutil', 'min_freq': 1497600, 'max_freq': 1497600, 'IdleStates': {'WFI': 0, 'c7': 0}, 'model': 'ARMv8 Processor rev 1 (v8l)'}",12.874751806259155
"{'val': 9, 'frq': 1497000, 'governor': 'schedutil', 'min_freq': 1497600, 'max_freq': 1497600, 'IdleStates': {'WFI': 0, 'c7': 0}, 'model': 'ARMv8 Processor rev 1 (v8l)'}","{'val': 10, 'frq': 1497000, 'governor': 'schedutil', 'min_freq': 1497600, 'max_freq': 1497600, 'IdleStates': {'WFI': 0, 'c7': 0}, 'model': 'ARMv8 Processor rev 1 (v8l)'}","{'val': 7, 'frq': 1497000, 'governor': 'schedutil', 'min_freq': 1497600, 'max_freq': 1497600, 'IdleStates': {'WFI': 0, 'c7': 0}, 'model': 'ARMv8 Processor rev 1 (v8l)'}","{'val': 44, 'frq': 1497000, 'governor': 'schedutil', 'min_freq': 1497600, 'max_freq': 1497600, 'IdleStates': {'WFI': 0, 'c7': 0}, 'model': 'ARMv8 Processor rev 1 (v8l)'}","{'val': 11, 'frq': 1497000, 'governor': 'schedutil', 'min_freq': 1497600, 'max_freq': 1497600, 'IdleStates': {'WFI': 0, 'c7': 0}, 'model': 'ARMv8 Processor rev 1 (v8l)'}","{'val': 12, 'frq': 1497000, 'governor': 'schedutil', 'min_freq': 1497600, 'max_freq': 1497600, 'IdleStates': {'WFI': 0, 'c7': 0}, 'model': 'ARMv8 Processor rev 1 (v8l)'}",14.110904216766357
"{'val': 15, 'frq': 1497000, 'governor': 'schedutil', 'min_freq': 1497600, 'max_freq': 1497600, 'IdleStates': {'WFI': 0, 'c7': 0}, 'model': 'ARMv8 Processor rev 1 (v8l)'}","{'val': 15, 'frq': 1497000, 'governor': 'schedutil', 'min_freq': 1497600, 'max_freq': 1497600, 'IdleStates': {'WFI': 0, 'c7': 0}, 'model': 'ARMv8 Processor rev 1 (v8l)'}","{'val': 17, 'frq': 1497000, 'governor': 'schedutil', 'min_freq': 1497600, 'max_freq': 1497600, 'IdleStates': {'WFI': 0, 'c7': 0}, 'model': 'ARMv8 Processor rev 1 (v8l)'}","{'val': 15, 'frq': 1497000, 'governor': 'schedutil', 'min_freq': 1497600, 'max_freq': 1497600, 'IdleStates': {'WFI': 0, 'c7': 0}, 'model': 'ARMv8 Processor rev 1 (v8l)'}","{'val': 42, 'frq': 1497000, 'governor': 'schedutil', 'min_freq': 1497600, 'max_freq': 1497600, 'IdleStates': {'WFI': 0, 'c7': 0}, 'model': 'ARMv8 Processor rev 1 (v8l)'}","{'val': 10, 'frq': 1497000, 'governor': 'schedutil', 'min_freq': 1497600, 'max_freq': 1497600, 'IdleStates': {'WFI': 0, 'c7': 0}, 'model': 'ARMv8 Processor rev 1 (v8l)'}",15.357936143875122
"{'val': 7, 'frq': 1497000, 'governor': 'schedutil', 'min_freq': 1497600, 'max_freq': 1497600, 'IdleStates': {'WFI': 0, 'c7': 0}, 'model': 'ARMv8 Processor rev 1 (v8l)'}","{'val': 18, 'frq': 1497000, 'governor': 'schedutil', 'min_freq': 1497600, 'max_freq': 1497600, 'IdleStates': {'WFI': 0, 'c7': 0}, 'model': 'ARMv8 Processor rev 1 (v8l)'}","{'val': 35, 'frq': 1497000, 'governor': 'schedutil', 'min_freq': 1497600, 'max_freq': 1497600, 'IdleStates': {'WFI': 0, 'c7': 0}, 'model': 'ARMv8 Processor rev 1 (v8l)'}","{'val': 11, 'frq': 1497000, 'governor': 'schedutil', 'min_freq': 1497600, 'max_freq': 1497600, 'IdleStates': {'WFI': 0, 'c7': 0}, 'model': 'ARMv8 Processor rev 1 (v8l)'}","{'val': 9, 'frq': 1497000, 'governor': 'schedutil', 'min_freq': 1497600, 'max_freq': 1497600, 'IdleStates': {'WFI': 0, 'c7': 0}, 'model': 'ARMv8 Processor rev 1 (v8l)'}","{'val': 7, 'frq': 1497000, 'governor': 'schedutil', 'min_freq': 1497600, 'max_freq': 1497600, 'IdleStates': {'WFI': 0, 'c7': 0}, 'model': 'ARMv8 Processor rev 1 (v8l)'}",16.57988429069519
"{'val': 22, 'frq': 1497000, 'governor': 'schedutil', 'min_freq': 1497600, 'max_freq': 1497600, 'IdleStates': {'WFI': 0, 'c7': 0}, 'model': 'ARMv8 Processor rev 1 (v8l)'}","{'val': 13, 'frq': 1497000, 'governor': 'schedutil', 'min_freq': 1497600, 'max_freq': 1497600, 'IdleStates': {'WFI': 0, 'c7': 0}, 'model': 'ARMv8 Processor rev 1 (v8l)'}","{'val': 66, 'frq': 1497000, 'governor': 'schedutil', 'min_freq': 1497600, 'max_freq': 1497600, 'IdleStates': {'WFI': 0, 'c7': 0}, 'model': 'ARMv8 Processor rev 1 (v8l)'}","{'val': 38, 'frq': 1497000, 'governor': 'schedutil', 'min_freq': 1497600, 'max_freq': 1497600, 'IdleStates': {'WFI': 0, 'c7': 0}, 'model': 'ARMv8 Processor rev 1 (v8l)'}","{'val': 18, 'frq': 1497000, 'governor': 'schedutil', 'min_freq': 1497600, 'max_freq': 1497600, 'IdleStates': {'WFI': 0, 'c7': 0}, 'model': 'ARMv8 Processor rev 1 (v8l)'}","{'val': 26, 'frq': 1497000, 'governor': 'schedutil', 'min_freq': 1497600, 'max_freq': 1497600, 'IdleStates': {'WFI': 0, 'c7': 0}, 'model': 'ARMv8 Processor rev 1 (v8l)'}",17.791101217269897
"{'val': 14, 'frq': 1497000, 'governor': 'schedutil', 'min_freq': 1497600, 'max_freq': 1497600, 'IdleStates': {'WFI': 0, 'c7': 0}, 'model': 'ARMv8 Processor rev 1 (v8l)'}","{'val': 17, 'frq': 1497000, 'governor': 'schedutil', 'min_freq': 1497600, 'max_freq': 1497600, 'IdleStates': {'WFI': 0, 'c7': 0}, 'model': 'ARMv8 Processor rev 1 (v8l)'}","{'val': 63, 'frq': 1497000, 'governor': 'schedutil', 'min_freq': 1497600, 'max_freq': 1497600, 'IdleStates': {'WFI': 0, 'c7': 0}, 'model': 'ARMv8 Processor rev 1 (v8l)'}","{'val': 22, 'frq': 1497000, 'governor': 'schedutil', 'min_freq': 1497600, 'max_freq': 1497600, 'IdleStates': {'WFI': 0, 'c7': 0}, 'model': 'ARMv8 Processor rev 1 (v8l)'}","{'val': 15, 'frq': 1497000, 'governor': 'schedutil', 'min_freq': 1497600, 'max_freq': 1497600, 'IdleStates': {'WFI': 0, 'c7': 0}, 'model': 'ARMv8 Processor rev 1 (v8l)'}","{'val': 15, 'frq': 1497000, 'governor': 'schedutil', 'min_freq': 1497600, 'max_freq': 1497600, 'IdleStates': {'WFI': 0, 'c7': 0}, 'model': 'ARMv8 Processor rev 1 (v8l)'}",19.12768793106079
"{'val': 13, 'frq': 1497000, 'governor': 'schedutil', 'min_freq': 1497600, 'max_freq': 1497600, 'IdleStates': {'WFI': 0, 'c7': 0}, 'model': 'ARMv8 Processor rev 1 (v8l)'}","{'val': 11, 'frq': 1497000, 'governor': 'schedutil', 'min_freq': 1497600, 'max_freq': 1497600, 'IdleStates': {'WFI': 0, 'c7': 0}, 'model': 'ARMv8 Processor rev 1 (v8l)'}","{'val': 17, 'frq': 1497000, 'governor': 'schedutil', 'min_freq': 1497600, 'max_freq': 1497600, 'IdleStates': {'WFI': 0, 'c7': 0}, 'model': 'ARMv8 Processor rev 1 (v8l)'}","{'val': 11, 'frq': 1497000, 'governor': 'schedutil', 'min_freq': 1497600, 'max_freq': 1497600, 'IdleStates': {'WFI': 0, 'c7': 0}, 'model': 'ARMv8 Processor rev 1 (v8l)'}","{'val': 9, 'frq': 1497000, 'governor': 'schedutil', 'min_freq': 1497600, 'max_freq': 1497600, 'IdleStates': {'WFI': 0, 'c7': 0}, 'model': 'ARMv8 Processor rev 1 (v8l)'}","{'val': 40, 'frq': 1497000, 'governor': 'schedutil', 'min_freq': 1497600, 'max_freq': 1497600, 'IdleStates': {'WFI': 0, 'c7': 0}, 'model': 'ARMv8 Processor rev 1 (v8l)'}",20.371084451675415
"{'val': 24, 'frq': 1497000, 'governor': 'schedutil', 'min_freq': 1497600, 'max_freq': 1497600, 'IdleStates': {'WFI': 0, 'c7': 0}, 'model': 'ARMv8 Processor rev 1 (v8l)'}","{'val': 18, 'frq': 1497000, 'governor': 'schedutil', 'min_freq': 1497600, 'max_freq': 1497600, 'IdleStates': {'WFI': 0, 'c7': 0}, 'model': 'ARMv8 Processor rev 1 (v8l)'}","{'val': 22, 'frq': 1497000, 'governor': 'schedutil', 'min_freq': 1497600, 'max_freq': 1497600, 'IdleStates': {'WFI': 0, 'c7': 0}, 'model': 'ARMv8 Processor rev 1 (v8l)'}","{'val': 14, 'frq': 1497000, 'governor': 'schedutil', 'min_freq': 1497600, 'max_freq': 1497600, 'IdleStates': {'WFI': 0, 'c7': 0}, 'model': 'ARMv8 Processor rev 1 (v8l)'}","{'val': 7, 'frq': 1497000, 'governor': 'schedutil', 'min_freq': 1497600, 'max_freq': 1497600, 'IdleStates': {'WFI': 0, 'c7': 0}, 'model': 'ARMv8 Processor rev 1 (v8l)'}","{'val': 40, 'frq': 1497000, 'governor': 'schedutil', 'min_freq': 1497600, 'max_freq': 1497600, 'IdleStates': {'WFI': 0, 'c7': 0}, 'model': 'ARMv8 Processor rev 1 (v8l)'}",21.585047960281372
"{'val': 12, 'frq': 1497000, 'governor': 'schedutil', 'min_freq': 1497600, 'max_freq': 1497600, 'IdleStates': {'WFI': 0, 'c7': 0}, 'model': 'ARMv8 Processor rev 1 (v8l)'}","{'val': 12, 'frq': 1497000, 'governor': 'schedutil', 'min_freq': 1497600, 'max_freq': 1497600, 'IdleStates': {'WFI': 0, 'c7': 0}, 'model': 'ARMv8 Processor rev 1 (v8l)'}","{'val': 9, 'frq': 1497000, 'governor': 'schedutil', 'min_freq': 1497600, 'max_freq': 1497600, 'IdleStates': {'WFI': 0, 'c7': 0}, 'model': 'ARMv8 Processor rev 1 (v8l)'}","{'val': 39, 'frq': 1497000, 'governor': 'schedutil', 'min_freq': 1497600, 'max_freq': 1497600, 'IdleStates': {'WFI': 0, 'c7': 0}, 'model': 'ARMv8 Processor rev 1 (v8l)'}","{'val': 10, 'frq': 1497000, 'governor': 'schedutil', 'min_freq': 1497600, 'max_freq': 1497600, 'IdleStates': {'WFI': 0, 'c7': 0}, 'model': 'ARMv8 Processor rev 1 (v8l)'}","{'val': 4, 'frq': 1497000, 'governor': 'schedutil', 'min_freq': 1497600, 'max_freq': 1497600, 'IdleStates': {'WFI': 0, 'c7': 0}, 'model': 'ARMv8 Processor rev 1 (v8l)'}",22.79473853111267
"{'val': 14, 'frq': 1497000, 'governor': 'schedutil', 'min_freq': 1497600, 'max_freq': 1497600, 'IdleStates': {'WFI': 0, 'c7': 0}, 'model': 'ARMv8 Processor rev 1 (v8l)'}","{'val': 30, 'frq': 1497000, 'governor': 'schedutil', 'min_freq': 1497600, 'max_freq': 1497600, 'IdleStates': {'WFI': 0, 'c7': 0}, 'model': 'ARMv8 Processor rev 1 (v8l)'}","{'val': 16, 'frq': 1497000, 'governor': 'schedutil', 'min_freq': 1497600, 'max_freq': 1497600, 'IdleStates': {'WFI': 0, 'c7': 0}, 'model': 'ARMv8 Processor rev 1 (v8l)'}","{'val': 13, 'frq': 1497000, 'governor': 'schedutil', 'min_freq': 1497600, 'max_freq': 1497600, 'IdleStates': {'WFI': 0, 'c7': 0}, 'model': 'ARMv8 Processor rev 1 (v8l)'}","{'val': 34, 'frq': 1497000, 'governor': 'schedutil', 'min_freq': 1497600, 'max_freq': 1497600, 'IdleStates': {'WFI': 0, 'c7': 0}, 'model': 'ARMv8 Processor rev 1 (v8l)'}","{'val': 7, 'frq': 1497000, 'governor': 'schedutil', 'min_freq': 1497600, 'max_freq': 1497600, 'IdleStates': {'WFI': 0, 'c7': 0}, 'model': 'ARMv8 Processor rev 1 (v8l)'}",24.113332271575928
"{'val': 13, 'frq': 1497000, 'governor': 'schedutil', 'min_freq': 1497600, 'max_freq': 1497600, 'IdleStates': {'WFI': 0, 'c7': 0}, 'model': 'ARMv8 Processor rev 1 (v8l)'}","{'val': 15, 'frq': 1497000, 'governor': 'schedutil', 'min_freq': 1497600, 'max_freq': 1497600, 'IdleStates': {'WFI': 0, 'c7': 0}, 'model': 'ARMv8 Processor rev 1 (v8l)'}","{'val': 15, 'frq': 1497000, 'governor': 'schedutil', 'min_freq': 1497600, 'max_freq': 1497600, 'IdleStates': {'WFI': 0, 'c7': 0}, 'model': 'ARMv8 Processor rev 1 (v8l)'}","{'val': 21, 'frq': 1497000, 'governor': 'schedutil', 'min_freq': 1497600, 'max_freq': 1497600, 'IdleStates': {'WFI': 0, 'c7': 0}, 'model': 'ARMv8 Processor rev 1 (v8l)'}","{'val': 45, 'frq': 1497000, 'governor': 'schedutil', 'min_freq': 1497600, 'max_freq': 1497600, 'IdleStates': {'WFI': 0, 'c7': 0}, 'model': 'ARMv8 Processor rev 1 (v8l)'}","{'val': 11, 'frq': 1497000, 'governor': 'schedutil', 'min_freq': 1497600, 'max_freq': 1497600, 'IdleStates': {'WFI': 0, 'c7': 0}, 'model': 'ARMv8 Processor rev 1 (v8l)'}",25.36003613471985
"{'val': 12, 'frq': 1497000, 'governor': 'schedutil', 'min_freq': 1497600, 'max_freq': 1497600, 'IdleStates': {'WFI': 0, 'c7': 0}, 'model': 'ARMv8 Processor rev 1 (v8l)'}","{'val': 11, 'frq': 1497000, 'governor': 'schedutil', 'min_freq': 1497600, 'max_freq': 1497600, 'IdleStates': {'WFI': 0, 'c7': 0}, 'model': 'ARMv8 Processor rev 1 (v8l)'}","{'val': 9, 'frq': 1497000, 'governor': 'schedutil', 'min_freq': 1497600, 'max_freq': 1497600, 'IdleStates': {'WFI': 0, 'c7': 0}, 'model': 'ARMv8 Processor rev 1 (v8l)'}","{'val': 11, 'frq': 1497000, 'governor': 'schedutil', 'min_freq': 1497600, 'max_freq': 1497600, 'IdleStates': {'WFI': 0, 'c7': 0}, 'model': 'ARMv8 Processor rev 1 (v8l)'}","{'val': 37, 'frq': 1497000, 'governor': 'schedutil', 'min_freq': 1497600, 'max_freq': 1497600, 'IdleStates': {'WFI': 0, 'c7': 0}, 'model': 'ARMv8 Processor rev 1 (v8l)'}","{'val': 33, 'frq': 1497000, 'governor': 'schedutil', 'min_freq': 1497600, 'max_freq': 1497600, 'IdleStates': {'WFI': 0, 'c7': 0}, 'model': 'ARMv8 Processor rev 1 (v8l)'}",26.586003303527832
